500002,ABB
500003,AEGISLOG
500008,ARE&M
500009,AMBALALSA
500012,ANDHRAPET
500013,ANSALAPI
500014,UTIQUE
500016,ARUNAHTEL
500020,BOMDYEING
500023,ASIANHOTNR
500027,ATUL
500028,ATVPR
500031,BAJAJELEC
500032,BAJAJHIND
500033,FORCEMOT
500034,BAJFINANCE
500038,BALRAMCHIN
500039,BANCOINDIA
500040,CENTURYTEX
500041,BANARISUG
500042,BASF
500043,BATAINDIA
500048,BEML
500049,BEL
500052,BEPL
500058,BIHSPONG
500059,BINANIIND
500060,BIRLACABLE
500067,BLUESTARCO
500068,DISAQ
500069,QUESTCAP
500074,BPL
500078,OAL
500083,CENTEXT
500084,CESC
500085,CHAMBLFERT
500086,EXIDEIND
500087,CIPLA
500089,DICIND
500092,CRISIL
500093,CGPOWER
500096,DABUR
500097,DALMIASUG
500101,ARVIND
500102,BALLARPUR
500103,BHEL
500104,HINDPETRO
500106,IFCI
500108,MTNL
500109,MRPL
500110,CHENNPETRO
500111,RELCAPITAL
500112,SBIN
500113,SAIL
500114,TITAN
500116,IDBI
500117,DCW
500119,DHAMPURSUG
500120,DIAMINESQ
500123,ELANTAS
500124,DRREDDY
500125,EIDPARRY
500126,PGHL
500128,ELECTCAST
500132,EMPEESUG
500133,ESABINDIA
500135,EPL
500136,ESTER
500139,FEDDERELEC
500142,FGP
500143,PHCAP
500144,FINCABLES
500147,COCKERILL
500148,UFLEX
500150,FOSECOIND
500151,GOLDENTOBC
500153,GANESHBE
500154,FOSCL
500159,METROGLOBL
500160,GTL
500163,GODFRYPHLP
500164,GODREJIND
500165,KANSAINER
500166,GOODRICKE
500168,GOODYEAR
500170,GTNINDS
500171,GHCL
500173,GFLLIMITED
500174,GLFL
500178,HARCR
500179,HCL-INSYS
500180,HDFCBANK
500182,HEROMOTOCO
500183,HFCL
500184,HSCL
500185,HCC
500186,HINDOILEXP
500187,AGI
500188,HINDZINC
500189,NDLVENTURE
500191,HMT
500192,PRAGBOS
500193,HLVLTD
500199,IGPL
500201,INDIAGLYCO
500202,INDLEASE
500206,MARGOFIN
500207,INDORAMA
500209,INFY
500210,INGERRAND
500211,INSILCO
500213,ITHL
500214,IONEXCHANG
500215,ATFL
500218,JKPHARMA
500219,JISLJALEQS
500220,JASCH
500223,JCTLTD
500227,JINDALPOLY
500228,JSWSTEEL
500231,UMANGDAIRY
500233,KAJARIACER
500234,KAKATCEM
500235,KSL
500236,KANELIND
500238,WHIRLPOOL
500239,KGDENIM
500240,KINETICENG
500241,KIRLOSBROS
500243,KIRLOSIND
500245,KIRLFER
500246,ENVAIREL
500247,KOTAKBANK
500248,KRIFILIND
500249,KSB
500250,LGBBROSLTD
500251,TRENT
500252,LAXMIMACH
500253,LICHSGFIN
500257,LUPIN
500259,LYKALABS
500260,RAMCOCEM
500262,HYBRIDFIN
500264,MAFATIND
500265,MAHSEAMLES
500266,MAHSCOOTER
500267,MAJESAUT
500268,MANALIPETC
500270,BARODARY
500271,MFSL
500277,MIDINDIA
500279,MIRCELECTR
500280,CENTENKA
500282,MODTHREAD
500284,LORDSCHLO
500285,SPICEJET
500288,MOREPENLAB
500290,MRF
500292,HEIDELBERG
500294,NCC
500295,VEDL
500296,NAHARSPING
500298,NAPEROL
500300,GRASIM
500302,PEL
500304,NIITLTD
500306,JAYKAY
500307,NIRLON
500312,ONGC
500313,OILCOUNTUB
500314,ORIENTHOT
500317,OSWALAGRO
500319,INDSUCR
500322,PANCM
500325,RELIANCE
500327,PILITA
500330,RAYMOND
500331,PIDILITIND
500333,PIXTRANS
500335,BIRLACORPN
500336,SURYAROSNI
500337,PRIMESECU
500338,PRSMJOHNSN
500339,RAIN
500342,PRUDMOULI
500343,AMJLAND
500346,PUNJCOMMU
500350,RSWM
500354,RAJSREESUG
500355,RALLIS
500356,RAMANEWS
500357,RAMAPPR-B
500358,RAMAPETRO
500360,RAPICUT
500365,WELSPLSOL
500366,ROLTA
500367,RUBFILA
500368,PATANJALI
500370,SALORAINTL
500378,JINDALSAW
500380,JKLAKSHMI
500387,SHREECEM
500388,SKPMIL
500389,SILVERLINE
500390,RELINFRA
500399,STEELCO
500400,TATAPOWER
500402,SPMLINFRA
500403,SUNDRMFAST
500404,SUNFLAG
500405,SPLPETRO
500407,SWARAJENG
500408,TATAELXSI
500410,ACC
500411,THERMAX
500412,TIRUMALCHM
500413,THOMASCOOK
500414,TIMEX
500418,TOKYOPLAST
500420,TORNTPHARM
500421,TPINDIA
500422,TRANSCHEM
500425,AMBUJACEM
500426,UTLINDS
500429,UNIENTER
500439,VHL
500440,HINDALCO
500444,WSTCSTPAPR
500449,HOCL
500450,MPILCORPL
500451,MDRNSUT-B
500456,PASUPTAC
500458,KORE
500459,PGHH
500460,MUKANDLTD
500463,BBOX
500464,UCAL
500465,VARUNSHIP
500467,HARRMALAYA
500469,FEDERALBNK
500470,TATASTEEL
500472,SKFINDIA
500477,ASHOKLEY
500480,CUMMINSIND
500483,TATACOMM
500488,ABBOTINDIA
500490,BAJAJHLDNG
500493,BHARATFORG
500495,ESCORTS
500500,HINDMOTORS
500510,LT
500520,M&M
500530,BOSCHLTD
500540,PREMIER
500547,BPCL
500550,SIEMENS
500570,TATAMOTORS
500575,VOLTAS
500620,GESHIP
500645,DEEPAKFERT
500650,EXCELINDUS
500655,GRWRHITECH
500660,GLAXO
500670,GNFC
500672,NOVARTIND
500674,SANOFI
500680,PFIZER
500690,GSFC
500696,HINDUNILVR
500710,AKZOINDIA
500720,FUTURAPOLY
500730,NOCIL
500770,TATACHEM
500777,TNPETRO
500780,ZUARIIND
500790,NESTLEIND
500800,TATACONSUM
500820,ASIANPAINT
500825,BRITANNIA
500830,COLPAL
500840,EIHOTEL
500850,INDHOTEL
500870,CASTROLIND
500875,ITC
500877,APOLLOTYRE
500878,CEATLTD
500890,MODIRUBBER
500940,FINPIPE
500945,VALUEIND
501110,SUNRINV
501111,ZGOLDINV
501144,PEOPLIN
501148,DSINVEST
501150,CENTRUM
501151,KARTKIN
501242,TCIFINANCE
501261,KRATOSENER
501270,ANTARIKSH
501295,IITL
501298,INDPRUD
501301,TATAINVEST
501311,JAYBHCR
501314,PRISMX
501343,MOTOGENFIN
501351,RAPIDIN
501370,WALCHPF
501386,ZSWASTSA
501391,WHBRADY
501421,TECHNVISN
501423,SHAILY
501425,BBTC
501430,BOMBCYC
501455,GREAVESCOT
501477,MULLER
501479,SFTL
501622,AMALGAM
501630,ANANDPROJ
501700,INDIANVSH
501827,CENTPROV
501831,COASTCORP
501833,CHOWGULSTM
501848,GLOBOFFS
501945,DHENUBUILD
502015,ASIIL
502090,SAGCEM
502133,HEMACEM
502137,DECCANCE
502157,MANGLMCEM
502168,NCLIND
502175,SAURASHCEM
502180,SHREDIGCEM
502216,BOMBPOT
502219,BORORENEW
502223,XCLGLASS
502250,LERTHAI
502255,NEYCERI
502271,RASSIREF
502281,TRIVENIGQ
502294,NILACHAL
502330,ANDHRAPAP
502355,BALKRISIND
502374,ELLOPAP
502405,MYSPAPE
502420,ORIENTPPR
502445,CITADEL
502448,ROLLT
502450,SESHAPAPER
502512,DHAMSUGR
502587,NATHIND
502589,VAPIENTER
502761,BLUBLND-B
502820,DCM
502850,ZGAEKWAR
502865,FORBESCO
502873,HPCOTTON
502893,UNITEDINT
502901,JAMSHRI
502933,KATRSPG
502937,KESORAMIND
502958,LAKSHMIMIL
502986,VTL
503031,PENINLAND
503092,PASUSPG
503100,PHOENIXLTD
503101,MARATHON
503127,RAJABAH
503162,RELCHEMQ
503169,RUBYMILLS
503205,SHREERAM
503229,SIMPLXREA
503297,SUPERSYN
503310,SWANENERGY
503349,VICTMILL
503622,ZSVTRADI
503624,ZSVARAJT
503626,KSHITIJ
503635,SALSAIN
503639,INDSOYA
503641,ZODIACVEN
503657,VEERENRGY
503659,SW1
503663,TILAK
503671,UNIJOLL
503675,WAGEND
503681,ELCIDIN
503685,MEDIAONE
503689,HEALINV
503691,SAHARA
503696,SHRENTI
503722,BANSWRAS
503772,MODWOOL
503776,MODIPON
503804,SHRIDINE
503806,SRF
503811,SIYSIL
503816,SWADPOL
503837,SHRAJSYNQ
503863,SHRMFGC
503893,ZSATYASL
503960,BBL
504000,ELPROINTL
504028,GEE
504036,HIRECT
504058,NIPPOBATRY
504067,ZENSARTECH
504076,JYOTI
504080,JSLINDL
504084,KAYCEEI
504092,INDOKEM
504093,PANAENERG
504112,NELCO
504132,PERMAGN
504176,HIGHENE
504180,STDBAT
504212,UNIVCABLES
504220,WSI
504227,WILLARD
504240,DLTNCBL
504256,DELTRON
504258,LAKSELEC
504273,MODULEX
504286,DELTAMAGNT
504340,LONGSPUR
504341,RELTD
504346,RRP
504351,EMPOWER
504356,ZMULTIPU
504365,RIDHISYN
504369,GRANDMA
504370,ZARDIINV
504375,SOFTBPO
504378,NYSSACORP
504380,FLOMIC
504392,KRISHNA
504397,GANHOLD
504398,SJCORP
504605,UNIABEXAL
504614,SARDAEN
504646,BGWTATO
504648,BOMBWIR
504697,GALADA
504701,GONTER
504731,IBRIGST
504741,INDIANHUME
504746,INLCM
504786,INVPRECQ
504810,INFORTEC
504840,KAIRA
504864,ORISSASP
504879,ORIENTCER
504882,NATIONSTD
504903,RATHIST
504908,DUNCANENG
504918,SANDUMA
504959,STOVACQ
504960,STEWARTQ
504961,TATAYODOGA
504973,CHOLAHLDNG
504988,ZWELCAST
504998,WMINIMT
505010,AUTOAXLES
505029,ATLASCYCLE
505032,AUTOPRD
505036,ACGL
505075,SETCO
505100,INRADIA
505160,TALBROAUTO
505163,ZFSTEERING
505192,SMLISUZU
505196,TIL
505200,EICHERMOT
505212,JAINEX
505216,ALFREDHE
505232,VELJAN
505242,DYNAMATECH
505250,GGDPROP
505255,GMMPFAUDLR
505283,KIRLPNU
505285,TULIVE
505299,KPT
505302,LXMIATO
505320,LYNMC
505324,MANUGRAPH
505336,HARSHILAGR
505343,MONOT
505355,NESCO
505358,INTEGRAEN
505368,SEMAC
505400,TEXINFRA
505412,WENDT
505502,PSITINFRA
505504,SINDUVA
505509,RESPONIND
505515,SHYMINV
505520,ZHEMHOLD
505523,MAHACORP
505526,DOLATALGO
505533,WESTLIFE
505537,ZEEL
505585,ZKOVALIN
505590,SVPGLOB
505594,MULTIIN
505650,SKYLMILAR
505672,ASIANBRG
505681,BIMETAL
505685,TAPARIA
505688,BHARATGEAR
505690,BRADYM
505693,LATIMMETAL
505700,ELECON
505703,DECANBRG
505710,GRAUWEIL
505711,GAJRA
505712,HIMTEK
505714,GABRIEL
505720,HERCULES
505725,AQFINTECH
505726,IFBIND
505729,SINGER
505737,INTLCOMBQ
505744,FMGOETZE
505750,JOSTS
505790,SCHAEFFLER
505797,MPCOSEMB
505800,RANEHOLDIN
505807,ROLCOEN
505827,SNL
505840,JAIPAN
505850,MANCREDIT
505854,TRF
505872,WPIL
505890,KENNAMET
505893,HINDHARD
505978,TRITONV
506003,SUDAI
506022,PRAKASH
506024,HVL
506042,ZPRBHSTE
506074,ARSHIYA
506076,GRINDWELL
506079,LAKPRE
506103,VICTENT
506105,STANROS
506109,GENESYS
506120,ALNATRD
506122,VOLKAI
506128,PARNAXLAB
506134,GOURMET
506146,VIVIDHA
506159,ASISL
506161,ISHWATR
506162,TERRAFORM
506166,APIS
506178,VELOXIND
506180,EMERGENT
506184,KANANIIND
506186,GCKL
506190,ZSARVAMA
506194,ARIHANTSUP
506196,VIKSHEN
506197,BLISSGVS
506222,STYRENIX
506235,ALEMBICLTD
506248,AMNPLST
506260,ANUHPHR
506261,MODISONLTD
506285,BAYERCROP
506313,SASHWAT
506365,CHEMOPH
506373,CITURGIA
506390,HEUBACHIND
506395,COROMANDEL
506401,DEEPAKNTR
506405,DMCC
506414,FERMENTA
506480,GOCLCORP
506520,JAYCH
506525,KANORICHEM
506528,KELENRG
506530,KEMP
506532,NITTAGELA
506543,MPAGI
506579,OCCL
506580,PBGLOBAL
506590,PCBL
506597,AMAL
506605,POLYCHEM
506618,PUNJABCHEM
506640,GUJCMDS
506642,SADHNANIQ
506655,SUDARSCHEM
506680,TECILCHEM
506685,ULTRAMAR
506687,TRANSPEK
506690,UNICHEMLAB
506734,MYSORPETRO
506767,ALKYLAMINE
506808,TUTIALKA
506820,ASTRAZEN
506852,PRIMO
506854,TANFACIND
506858,GUJPETR
506863,SWADEIN
506867,MASCH
506879,GUJTHEM
506906,SCBL
506910,JAYSYN
506919,MAKERSL
506935,CONTCHM
506943,JBCHEPHARM
506945,IGLFXPL-B
506947,ADVPETR-B
506971,BBREALTY
506975,RAJSPTR
506979,APTPACK
506981,BLUECHIPT
507155,JAGAJITIND
507180,KESARENT
507205,TI
507265,EMERALL
507300,RAVALSUGAR
507315,SAKHTISUG
507410,WALCHANNAG
507435,KHODAY
507438,IFBAGRO
507442,DHARSUGAR
507474,KFBL
507486,CAPRO
507488,GMBREW
507490,RANASUG
507498,PICCASUG
507508,RIGASUG
507514,SDBL
507515,CJGEL
507518,SUPDF
507526,ASALCBR
507528,EASTSUGIND
507530,THAKKERS
507543,CORAGRO
507552,FOODSIN
507580,IVP
507598,KLRFM
507609,OLYOI
507621,MLKFOOD
507645,POLSON
507663,SAGRSOY-B
507685,WIPRO
507690,ORIBEVER
507717,DHANUKA
507747,TTKHLTCARE
507753,TGVSL
507759,LIMECHM
507779,KANPRPLA
507785,TAINWALCHM
507789,JAGSNPHARM
507794,KHAICHEM
507808,UNTTEMI
507813,NOL
507815,GILLETTE
507817,WIREFABR
507828,ANSALHSG
507833,COMPUPN
507836,MCCHRLS-B
507852,ADDIND
507864,PIONRINV
507872,ASHNOOR
507878,UNITECH
507880,VIPIND
507892,WINSOMEDJ
507910,FIBERWEB
507912,LKPFIN
507917,EASTBUILD
507938,MNPLFIN
507944,BAJAJST
507946,KIDUJA
507948,KEYCORP
507952,SHIKHARLETR
507960,GUJHOTE
507962,RAJATH
507966,RASRESOR
507968,JOLYPLS
507970,PARMCOS-B
507981,JINDHOT
507984,SERIND
507987,JPTRLES
507998,SIMMOND
508136,BNALTD
508486,HAWKINCOOK
508494,WARRENTEA
508571,COCHMAL
508664,BESTEAST
508670,NEAGI
508807,ISTLTD
508814,COSMOFIRST
508860,DIAMANT
508867,NEWMKTADV
508869,APOLLOHOSP
508875,NITINCAST
508905,SMIFS
508906,EVERESTIND
508918,IRONWOOD
508922,MSRINDIA
508929,AIRLTD
508933,AYMSYNTEX
508941,PANCARBON
508954,FINKURVE
508956,HBLEAS
508961,SHRICON
508963,STRLGUA
508969,SULABEN
508980,FRONTCAP
508982,LINKSONI
508989,NAVNETEDUL
508993,KEDIACN
508996,SATRAPROP
508998,STEERINTER
509003,TRANOCE
509009,AUSOMENT
509015,THAKRAL
509020,RUCHINFRA
509024,GOLDLEG
509026,VJTFEDU
509038,VOLLF
509040,NETLINK
509046,TRILIANCE
509048,LANCORHOL
509051,INDINFO
509053,BANASFN
509055,VISAKAIND
509069,INFOMEDIA
509073,HATHWAYB
509079,GUFICBIO
509084,PHOTON
509099,OSWALEA
509148,GOVINDRU
509152,GRPLTD
509162,INDAG
509196,MMRUBBR-B
509220,PTL
509243,TVSSRICHAK
509367,APTANN
509423,SEL
509438,BENARAS
509449,BHAGWOX
509470,BOMOXY-B1
509472,CRAVATEX
509480,BERGEPAINT
509486,CAPRIHANS
509488,GRAPHITE
509496,ITDCEM
509525,EMPIND
509546,GRAVISSHO
509557,GARFIBRES
509563,GARWAMAR
509567,GOACARBON
509597,HARDCAS
509631,HEG
509635,HINDCOMPOS
509650,ZHINDHSG
509675,HIL
509692,INDIANCARD
509709,INTLCONV
509715,JAYSREETEA
509732,KOTIC
509760,MODRNSH
509762,MAPROIN
509782,OSEASPR
509820,HUHTAMAKI
509835,PREMSYN
509845,RJSHAH
509870,SHAHCON
509874,SHALPAINTS
509887,SINNAR
509895,HINDMILL
509910,ZSOUTGAS
509917,TECHCON
509930,SUPREMEIND
509945,THACKER
509953,TRADWIN
509960,UPHOT
509966,VSTIND
510245,SWASTIVI
511000,MADHUSE
511012,YAMNINV
511016,PREMCAP
511018,ZMILGFIN
511034,JINDRILL
511038,ZARCOLEA
511048,KUSUMEL
511060,JUMBFNL
511066,SAKTHIFIN
511074,EASYFIN
511076,SATINDLTD
511082,MAAJTL
511092,JMDVL
511096,TVOLCON
511108,SHIVATEX
511110,VBDESAI
511116,QUADRANT
511122,1STCUS
511131,KAMANWALA
511144,ASYAINFO
511147,WSFX
511153,ANJANIFOODS
511169,RKDAGRRTL
511176,PARSHWANA
511185,RAJVI
511187,MILLENNIUM
511194,ICDSLTD
511196,CANFINHOME
511200,MUNCAPM
511208,IVC
511218,SHRIRAMFIN
511243,CHOLAFIN
511246,BOMTALKIES
511254,SAGARSYST
511260,IDINFO
511333,VLSFINANCE
511355,INDCEMCAP
511357,KAILASH
511359,ADMANUM
511377,MEHIF
511389,VIDEOIND
511391,INTRGLB
511401,MCLTD
511411,SHRISTI
511413,CREST
511421,PINEANIM
511427,ATNINTER
511431,VAKRANGEE
511441,GUJCRED
511447,SYLPH
511451,DHARFIN
511463,ALEXANDER
511473,INDBANK
511493,SHRYDUS
511501,BHARAT
511505,CAPTRUST
511507,USHAKIRA
511509,VIVOBIOT
511523,VEERHEALTH
511525,PANINDIAC
511533,SAHARAHOUS
511535,NDASEC
511539,SUPRATRE
511543,GSBFIN
511549,MORARKFI
511551,MONARCH
511557,PROFINC
511559,TIMESGTY
511563,SANCF
511571,SODFC
511573,CRBARIH
511577,SAVFI
511585,REGTRUS
511589,AVONMORE
511593,LIBORDFIN
511601,YASHMGM
511605,ARIHANTCAP
511609,ISLCONSUL
511611,DCMFINSERV
511618,JIKIND
511626,RRFIN
511628,FEDDERSHOL
511630,SAMBHAAV
511632,OLYMTFI
511634,DUGARHOU
511636,DJSSS
511642,WISEC
511644,OMEGAIN
511654,SUGALDAM
511658,NETTLINX
511660,PREMCAPM
511664,BGIL
511672,SCANSTL
511676,GICHSGFIN
511688,MATHEWE
511692,AJCON
511696,CHRTEDCA
511700,STANCAP
511702,YOGI
511710,CUBIFIN
511712,RELICTEC
511714,NIMBSPROJ
511716,INVIGO
511724,BAIDFIN
511726,VIPULLTD
511728,KZLFIN
511730,AVASARA
511734,PASUFIN
511736,USHDI
511738,MEHSECU
511740,MEHTAHG
511742,UGROCAP
511754,SAHLIBHFI
511756,ABIRAFN
511758,MANSIFIN
511760,SEVENHILL
511764,AASTAFIN
511766,MUTHOOTCAP
511768,MASTERTR
512004,ZNILKENG
512008,EFCIL
512014,SOBME
512018,CNIRESLTD
512020,ZSARACOM
512022,WINROC
512024,NDMETAL
512025,INERTIAST
512026,PHTRADING
512036,KAPILCO
512038,TCC
512047,ROYALIND
512048,LUHARUKA
512060,SHYAM
512062,ZSANMCOM
512063,WARDHEALTH
512064,VISVEN
512065,MRUTR
512068,DECNGOLD
512070,UPL
512091,NIBEORD
512093,CRANESSOFT
512097,SAICOM
512099,EY
512101,TRIPR
512103,NIDHGRN
512109,AVIVA
512115,ROSEMER
512117,TWIROST
512131,SIGIND
512147,KAJALSY
512149,AVANCE
512153,MLINDLTD
512157,TERRAREAL
512161,SECURKLOUD
512165,ABANSENT
512167,MATRAREAL
512169,CAPRICORN
512175,VAMA
512179,SUNTECK
512191,MISHKAFIN
512195,BENTCOM
512197,SILVERO
512213,CLASELE
512215,STEPHANOTIS
512217,PRISMMEDI
512221,SPVGLOBAL
512229,VERITAS
512233,JAYTEX
512237,JAICORPLTD
512245,ZNIVITRD
512247,ASHCAP
512257,SVARTCORP
512261,BAJGLOB
512265,AVONMERC
512267,MMWL
512271,TASHIND
512277,AUTOINT
512279,NNTL
512289,SHIRPUR-G
512291,ZSPEEDCO
512296,BHAGYANGR
512297,SHANTAI
512301,CHMBBRW
512303,ZMANSOON
512329,SGMART
512337,MAHSHRE
512341,CESL
512344,ARAVALIS
512345,YASTF
512359,SWORDEDGE
512361,CUPIDTR
512367,ZSHERAPR
512369,ENNORE
512377,MAGANTR
512379,CRESSAN
512381,STARTECK
512393,SHARDUL
512399,SERA
512404,BENGALS
512405,IPOWER
512408,UNIWSEC
512415,MERCTRD
512417,TRITRADE
512425,NIRAVCOM
512431,WHITHAL
512433,ASUTENT
512437,APOLLOFI
512439,ESQRMON
512441,ENBETRD
512443,GANONPRO
512445,DEVITRD
512453,SHRJAGP
512455,LLOYDSME
512461,PUNCTRD
512463,LLOYDSENT
512477,BETXIND
512479,VIRYA
512481,POLYTEX
512485,DHANCOT
512489,OASISEC
512493,GARNETINT
512499,SHALPRO
512505,MEENST
512511,VARUNME
512517,VINVANI
512519,DONEAR
512527,SUPER
512529,SEQUENT
512531,STCINDIA
512535,ASAHINFRA
512553,ZENITHEXPO
512559,KOHINOOR
512565,NEELKANTH
512573,AVANTIFEED
512587,ZODJRDMKJ
512589,SITAENT
512591,PULSRIN
512595,MANBRO
512597,KEYFINSERV
512599,ADANIENT
512600,ASTALLTD
512604,HARIAEXPO
512608,BHANDARI
512618,RLF
512624,REGENTRP
512626,ORBTEXP
512634,SAVERA
513005,CHROME
513012,ZJEETMAC
513023,NAVA
513039,ZHINUDYP
513043,REMIEDEL
513059,GSAUTO
513063,TRANSFRE
513097,SBCL
513108,GANDHITUBE
513117,AMFORG
513119,ABCGAS
513121,ORICONENT
513149,ACROW
513153,TECHTREK
513173,STLSTRINF
513228,PENIND
513250,JYOTISTRUC
513252,JAYUSH
513262,SSWL
513269,MANINDS
513291,PREMPIPES
513295,IMEC
513303,MDRNSTL
513307,SYNTHFO
513309,GOLKONDA
513335,METALFORGE
513337,GUJTLRM
513343,GFSTEELS
513349,AJMERA
513353,COCHINM
513355,MRMGAST
513361,ISWL
513369,KVFORGE
513375,CARBORUNIV
513377,MMTC
513397,VALLABHSQ
513401,ASHIS
513403,PMTELELIN
513418,SMFIL
513422,BLOIN
513430,MAITRI
513436,SHAHALLOYS
513452,ELANGO
513456,KANSHST
513460,MAHALXSE
513472,SIMPLEXCAS
513488,SSWRL
513496,SIZEMASTER
513498,SOUTHMG
513502,BAROEXT
513507,GUJCONT
513509,KALYANIFRG
513511,PANCHMAHQ
513513,ADITYA
513515,SRIND
513517,STEELCAS
513519,PITTIENG
513528,GLITTEKG
513532,PRADPME
513536,GNRL
513540,TNSTLTU
513544,MSCTC
513548,SHRDAIS
513554,MAHASTEEL
513566,NOVIS
513575,STERPOW
513579,FFPL
513599,HINDCOPPER
513629,TULSYAN
513642,AXELPOLY
513683,NLCINDIA
513687,SPECTRA
513693,KAJARIR
513699,SOLIDSTON
513709,SHILGRAVQ
513713,WHITEORG
513721,MFSINTRCRP
513729,AROGRANITE
514010,RUDRAECO
514028,RAJKSYN
514030,DEEPAKSP
514034,JBFIND
514036,LOYALTEX
514043,HIMATSEIDE
514045,BSL
514060,MARKOBENZ
514087,PBMPOLY
514113,ADINATH
514116,GUPTSYN
514118,ESKAY
514128,KONARKSY
514138,SURYALA
514140,SURYVANSP
514142,TTL
514144,UNIWORTH
514162,WELSPUNLIV
514165,INDIANACRY
514167,GANECOS
514171,CEETAIN
514175,VARDMNPOLY
514177,RISHYRN
514183,BLACKROSE
514197,STCORP
514211,SUMEETINDS
514215,BINNY
514221,KLIFESTYL
514223,RAMGOPOLY
514234,SANGAMIND
514236,TTLEL
514238,MKVENTURES
514240,KUSHIND
514248,SRECR
514260,SURBHIN
514264,SEASONST
514266,ZENIFIB
514272,BHILSPIN
514274,AARVEEDEN
514280,SANTETX
514282,UNIIN
514286,ASHIMASYN
514300,PIONEEREMB
514302,VIPPYSP
514306,GARLNIN
514312,JAIHINDS
514316,RAGHUSYN
514318,JATTAINDUS
514322,KAMADGIRI
514324,OMNITEX
514326,PATSPINLTD
514328,NACHKNIT
514330,ONEGLOBAL
514332,NEOINFRA
514336,GENESIS
514348,WINSOME
514354,PREMIERPOL
514358,EVERFIN
514360,KRRAIL
514378,YARNSYN
514386,GUJCOTEX
514394,AJIL
514400,GARWSYN
514402,ECOHOTELS
514412,SARUPINDUS
514414,OXFORDIN
514418,MANORG
514428,HINDADH
514440,BPAGRI
514442,SRIKPRIND
514446,LSIND
514448,JYOTIRES
514450,MHLXMIRU
514454,SOUTLAT
514460,OSWAYRN
514470,WINSOMTX
514482,ASAHIIND
515008,MODINSU
515018,REGENCERAM
515030,ASAHIINDIA
515037,MURUDCERA
515043,SAINTGOBAIN
515055,ANANTRAJ
515059,MADHUDIN
515085,RESTILE
515093,MADHAV
515127,RAMASIGNS
515145,HINDNATGLS
515147,HALDYNGL
516003,DUROPLY
516016,SHREYANIND
516020,AGIOPAPER
516022,STARPAPER
516030,PAKKA
516032,TAHMARENT
516038,SOMAPPR
516062,NATPLY
516064,ARROWGREEN
516072,VISHNU
516078,JUMBO
516082,NRAIL
516086,SRPML
516092,3PLAND
516096,SANPA
516098,VENTURA
516106,SHKARTP
516108,STHINPA
516110,FAMILYCARE
517015,VINDHYATEL
517035,RIR
517041,ADORWELD
517044,IDM
517059,SALZERELEC
517063,JETKINGQ
517077,INDAGIV
517096,APLAB
517119,PCS
517146,USHAMART
517159,TELECABL
517164,ZENITHCOMP
517166,SPELS
517168,SUBROS
517170,EDVENSWA
517172,PERVASIVE
517174,HONAUT
517201,SWITCHTE
517206,LUMAXIND
517214,DIGISPICE
517228,TRENDELEC
517230,PAEL
517236,CALCOM
517238,DYNAVSN
517246,BCCFUBA
517258,PRECISIO
517264,FINELINE
517271,HBLPOWER
517273,S&SPOWER
517286,AUTOPAL
517288,GUJARATPOLY
517300,GIPCL
517320,MAGNUS
517330,CMICABLES
517334,MOTHERSON
517336,MODMA
517344,MINDTECK
517354,HAVELLS
517356,ACIIN
517360,SBECSYS
517370,INCAP
517372,GUJINTRX
517380,IGARASHI
517385,SYMPHONY
517393,VINTRON
517397,PANELEC
517399,VXLINSTR
517411,SHYAMTEL
517415,LEENEE
517417,PATELSAI
517421,BUTTERFLY
517423,INTEGSW
517429,ATHENAGLO
517431,NARMP
517437,DUTRON
517447,RSSOFTWARE
517449,MAGNAELQ
517463,LINAKS
517467,MARSONS
517477,ELNET
517494,ACCEL
517498,WEBELSOLAR
517500,ROTO
517506,TTKPRESTIG
517514,DHINDIA
517518,LEEL
517522,RAJRATAN
517526,INDITALIA
517530,SURANAT&P
517536,ONWARDTEC
517544,CENTUM
517546,ALFATRAN
517548,STARLITE
517554,NHCFOODS
517556,PVP
517562,TRIGYN
517564,GRCABLE
517569,KEI
517571,INDLMETER
518011,KEERTHI
518017,BHEEMACEM
518053,SRICC
518075,SURAJ
518091,APCL
519003,MODINATUR
519014,PRSNTIN
519031,SHAHFOOD
519064,ZKHANDEN
519091,TASTYBITE
519097,RITESHIN
519105,AVTNPL
519126,HNDFDS
519136,NAHARINDUS
519140,VGPRFOO
519152,VADILENT
519156,VADILALIND
519168,NIJJER
519174,ASHAI
519183,ADFFOODS
519187,FORFOOD
519191,RGRL
519214,WILLIMFI
519216,AJANTSOY
519224,WILLAMAGOR
519230,KISAAN
519234,SIEL
519238,SPTRSHI
519242,SRDAPRT
519260,SANWARIA
519262,PRIMAGR
519279,MADHURIND
519285,TARAI
519287,MODAIRY
519295,BAMBINO
519299,PRIMIND
519307,VIKASWSP
519319,JATALIA
519331,VSFPROJ
519353,BANSTEA
519359,POONADAL
519367,TRANSFD
519383,ANIKINDS
519397,SHINDL
519413,DATIWARE
519415,KMGMILK
519421,KSE
519439,PIONAGR
519451,VADIDAI
519455,NARBADA
519457,VIRATCRA
519463,IBINFO
519471,AMBARPIL
519475,CHORDIA
519477,CIANAGRO
519479,OMEAG
519483,TAIIND
519494,NKIND
519500,BKV
519506,NCCBLUE
519528,NORBTEAEXP
519532,ASIANTNE
519546,KENGI
519552,HERITGFOOD
519566,SIMRAN
519570,LAKSHMIO
519574,HINDUST
519600,CCL
519602,KELLTONTEC
519604,SURFI
519606,INTEGFD
519612,MAHAANF
520008,RICOAUTO
520021,OMAXAUTO
520043,MUNJALSHOW
520051,JAMNAAUTO
520056,TVSHLTD
520057,JTEKTINDIA
520059,MUNJALAU
520066,JAYBARMARU
520073,RACLGEAR
520075,SAMKRG
520081,ECSTSTL
520086,SICALLOG
520111,RATNAMANI
520113,VESUVIUS
520119,ASAL
520121,ARCEEIN
520123,ABCINDQ
520127,BALTE
520131,COARO
520141,SIBARAUT
520149,MAFLU
520151,SHREYAS
520155,STARLOG
521003,SHVSUIT
521005,TITANIN
521009,NIWASSP
521014,EUROTEXIND
521016,ICIL
521018,MARALOVER
521030,NAKODA
521034,SOMATEX
521036,SOURCEIND
521048,ADVLIFE
521054,KAKTEX
521062,OCTAVE
521064,TRIDENT
521068,HISARSP
521070,ALOKINDS
521076,ASIL
521080,PASARI
521082,SPENTEX
521097,AMARJOTHI
521105,OLYMPTX
521109,NAGREEKEXP
521113,SUDTIND-B
521127,KHTRFIB
521131,SBFL
521133,GEMSPIN
521137,EUREKAI
521141,ADITYASP
521149,PRIMEURB
521151,DHANFAB
521161,SLSTLQ
521163,ZODIACLOTH
521167,FRONTBUSS
521176,GANGOTRI
521178,SRMCL
521180,SUPERSPIN
521188,UNITEDTE
521194,SILINV
521200,SURYALAXMI
521206,SAMTEX
521210,CITYMAN
521216,DHANROTO
521220,DAMODARIND
521222,SANBLUE
521226,UNIROYAL
521228,TATIAGLOB
521232,SUNILTX
521234,SRINACHA
521238,KDL
521240,SAMBANDAM
521242,KANDAGIRI
521244,MKPMOB
521246,PARASPETRO
521248,KITEX
522001,CRANEX
522004,BATLIBOI
522005,AUSTENG
522014,UNIDT
522017,FLUIDOM
522027,EMAINDIA
522029,WINDMACHIN
522034,SHANTIGEAR
522036,MIVENMACH
522042,SMENER
522064,HONDAPOWER
522073,HITECHGEAR
522074,ELGIEQUIP
522091,UVDRHOR
522101,KLBRENG-B
522105,BIRLAPREC
522108,YUKEN
522113,TIMKEN
522122,VOITHPAPR
522134,ARTSONEN
522150,ADTYFRG
522152,SOLIMAC
522163,DIACABS
522165,INDSILHYD
522171,TMTIND-B1
522183,ITL
522195,FRONTSP
522205,PRAJIND
522207,RASANDIK
522209,YOGISUNG
522215,HLEGLAS
522217,GUJAPOLLO
522229,TANAA
522231,CONART
522235,MINALIND
522237,SHIVAGR
522241,MMFL
522245,IYKOTHITE
522249,MAYURUNIQ
522251,CENLUB
522257,RAJOOENG
522261,DOLPHIN
522267,VJLAXMIE
522271,UNIONBE
522273,AHMDSTE
522275,GET&D
522281,RAMRAT
522285,JAYNECOIND
522287,KPIL
522289,NMSRESRC
522292,CANDOUR
522294,TIGLOB
522295,CONTROLPR
522650,BEMHY
523007,ANSALBU
523011,WEIZMANIND
523019,BNRSEC
523021,RISHITECH
523023,SINCLAIR
523025,SAFARI
523054,ZBINTXPP
523062,JJFINCOR
523100,COSMOFE
523105,CROPSTER
523113,FUTURSEC
523116,SANCTRN
523120,ADORMUL
523127,EIHAHOTELS
523144,MEDICAPQ
523151,OTCO
523160,MORGANITE
523164,SIPIND
523186,BAPACK
523204,ABAN
523207,KOKUYOCMLN
523209,NICCOUCO
523218,KILBURN
523222,SRMENERGY
523229,BHARATSE
523230,JALPAC
523232,CONTPTR
523242,NBFOOT
523248,MACPLASQ
523260,PEARLPOLY
523261,VENKEYS
523269,ADVANIHOTR
523277,GVFILM
523283,SUPERHOUSE
523289,RAMAVISION
523301,TCPLPACK
523309,SHRIGANG
523315,PURITY
523319,BALMLAWRIE
523323,KOVAI
523329,ELDEHSG
523343,MICROSE
523351,STDSHOE
523367,DCMSHRIRAM
523369,DCMSRIND
523371,MAWANASUG
523373,MINID
523384,MAHAPEXLTD
523385,NILKAMAL
523387,TRITON
523391,NAHARPOLY
523395,3MINDIA
523398,JCHAC
523405,JMFINANCIL
523411,ADCINDIA
523415,COVENTRY
523419,TNTELE
523425,SUNRAJDI
523445,RIIL
523449,SHARP
523457,LINDEINDIA
523465,INDBNK
523467,JAIMATAG
523475,LOTUSCHO
523483,PACIFICI
523489,CMMHOSP
523519,UNIOFFICE
523523,RAINBOWPAP
523537,APMIN
523539,PRECWIRE
523544,MONEL
523550,KRYPTONQ
523558,SWISSMLTRY
523566,MARBU
523574,FEL
523586,INDTONER
523594,KUNSTOFF
523598,SCI
523606,SIKA
523610,ITI
523618,DREDGECORP
523620,PHRMASI
523628,PODDARHOUS
523630,NFL
523638,IPRINGLTD
523642,PIIND
523648,PLASTIBLEN
523650,YASHINNO
523652,KKPLASTICK
523660,WATERBASE
523672,FLEXFO
523676,GOLKUNDIA
523694,APCOTEXIND
523696,FORTISMLR
523704,MASTEK
523708,EIMCOELECO
523710,SAYAJIHOTL
523712,JMGCORP
523716,ASHIANA
523722,SVAMSOF
523732,ECOBOAR
523736,DVL
523752,TIHIL
523754,MAHEPC
523782,MITSHI
523790,SHUKJEW
523792,MAZDA
523796,VHLTD
523820,NEOCORP
523826,SOVERDIA
523828,MENONBE
523832,MUKATPIP
523836,GUJRAFFIA
523838,SIMPLEXINF
523840,INNOVTEC
523842,SUPTANERY
523844,CONSTRONIC
523850,AXTEL
523862,PIFL
523874,EASTINDIA
523876,JYOTIOVR
523888,VRWODAR
523890,DSKULKARNI
523896,APIL
524000,POONAWALLA
524013,HINFLUR
524019,KINGFA
524031,PATIDAR
524037,RAMAPHO
524038,VENLONENT
524046,PETPLST
524051,POLYPLEX
524055,PANIDPR
524075,ALBERTDAVD
524080,HARLETH
524091,CARYSIL
524109,KABRAEXTRU
524129,VINYLINDIA
524136,PCCOSMA
524156,TCMLMTD
524164,IOLCP
524174,KESARPE
524200,VINATIORGA
524202,LACTOSE
524204,TEEAI
524208,AARTIIND
524210,PNTKYOR
524212,WANBURY
524218,RESONANCE
524226,GAEL
524230,RCF
524238,GUJINJEC
524264,UNIMERQ
524280,KOPRAN
524288,AIMCOPEST
524314,GUJTERC
524322,KABRADG
524324,SEYAIND
524330,JAYAGROGN
524332,BCLIND
524336,SHHARICH
524342,INDOBORAX
524348,AARTIDRUGS
524370,BODALCHEM
524372,ORCHPHARMA
524394,VIMTALABS
524396,BIOFILCHEM
524400,ISHITADR
524404,MARKSANS
524408,UNIVSTAR
524412,AAREYDRUGS
524414,NORRIS
524434,ASINPET
524440,CAMEXLTD
524444,EVEXIA
524458,INDOEURO
524470,SYNCOMF
524480,RIDDHI
524488,SVCIND
524494,IPCALAB
524500,KILITCH
524502,RAAJMEDI
524504,REVAORG
524506,CORALAB
524514,TULASEEBIOE
524516,BACPHAR
524518,KREBSBIO
524520,KMCSHIL
524522,LAFFANSQ
524534,BHASKAGR
524542,SUKHJITS
524546,SATAGRI
524548,SHARMEH
524558,NEULANDLAB
524564,GAYATRIBI
524570,PODDARMENT
524572,PHARMAID
524576,VIVIDIND
524580,PRIYALT
524582,TIRUSTA
524590,HEMORGANIC
524592,JAYSYNTH
524594,AEONXDIGI
524598,AKSHARCHEM
524602,BANDARAM
524604,ADLINE
524606,BERLDRG
524610,RATHIGRA
524614,INDXTRA
524622,ISTRNETWK
524624,GAGAN
524628,PARKERAC
524632,SHUKRAPHAR
524634,ALUFLUOR
524636,OXYGENTAPH
524640,ARCHITORG
524642,SIKOZY
524648,INDOAMIN
524652,INDSWFTLTD
524654,NATCAPSUQ
524661,WELCURE
524663,BIBCL
524667,SOTL
524669,HESTERBIO
524675,KABSON
524687,BASANTGL
524689,PARENTLD
524695,ASIANFR
524703,SANDUPHQ
524709,NACLIND
524711,VISTAPH
524715,SUNPHARMA
524717,TITANBIO
524723,BIJHANS
524727,SDL
524731,JENBURPH
524735,HIKAL
524742,CAPLIPOINT
524743,FISCHER
524748,LINKPH
524752,DECIPHER
524764,NUTRA
524768,EMMESSA
524774,NGLFINE
524790,EVERESTO
524804,AUROPHARMA
524808,PHYTO
524816,NATCOPHARM
524818,DYNAMIND
524820,PANAMAPET
524824,BALPHARMA
524828,BDH
526001,JAUSPOL
526009,PROCAL
526025,GLOBUSCON
526027,CUBEXTUB
526043,POLYCHMP
526071,STELLANT
526073,GALXBRG
526075,VINRKLB
526081,SCAGRO
526091,RANCC
526093,SATHAISPAT
526095,RALEGRA
526113,UNRYLMA
526115,KARANWO
526117,SHERVANI
526125,BNHOLDINGS
526133,SUPERTEX
526137,SHETR
526139,TRABI
526143,MPL
526159,NIKHILAD
526161,SPENTA
526169,MULTIBASE
526173,ANDREWYU
526179,LUDLOWJUT
526187,ASHRAM
526193,ROYALCU
526195,NOGMIND
526211,SURJIND
526217,HITECHCORP
526225,BLOOM
526227,FILATEX
526231,STDSFAC
526235,MERCATOR
526237,MORGAN
526241,AMRAPLIN
526247,PREMEXPLN
526251,MIDEASTP
526263,MOLDTECH
526269,CRSTCHM
526299,MPHASIS
526301,MEDINOV
526315,DIVSHKT
526325,ORIENTLTD
526331,ADVMULT
526335,SHREYASI
526345,PANJON
526349,NIRBHAYIND
526355,DUROPACK
526365,SWARNSAR
526367,GANESHHOUC
526371,NMDC
526373,CINDHO
526381,PATINTLOG
526385,GUJPE
526397,ALPHAGEO
526407,HAMPTON
526409,KKALPANAIND
526415,OKPLA
526423,KRITI
526431,WELTI
526433,ASMTEC
526435,PERFEPA
526439,AMBIT
526441,VISIONCINE
526443,AEIM
526445,INDRANIB
526468,EUROLED
526471,WINSOMBR
526473,ELEFLOR
526477,SAENTER
526479,SKYIND
526481,PHOENXINTL
526488,BHUDEVI
526490,PRATIK
526492,RISHIROOP
526494,PROMACT
526500,STRGRENWO
526504,DOLPHMED
526506,SYSTMTXC
526508,SHAHISHIP
526512,INTLNKP
526519,ALPINEHOU
526521,SANGHIIND
526525,WWALUM
526530,IIRM
526532,SFPIL
526538,MAXIMAA
526544,SCANPGEOM
526546,CHOKSILA
526550,CCHHL
526554,SALGUTI
526558,JAMEHOT
526568,LONTE
526570,MIDWEST
526574,ENTRINT
526576,TECHIN
526582,TPLPLASTEH
526586,WIMPLAST
526588,PHOTOQUP
526596,LIBERTSHOE
526604,LIPPISYS
526608,ELECTHERM
526612,BLUEDART
526614,EXPOGAS
526616,NATPLAS
526622,MFLINDIA
526628,AJWAFUN
526638,TEXELIN
526640,RAYALEMA
526642,MIRZAINT
526650,TFCILTD
526652,CALSREF
526654,THAKDEV
526662,ARENTERP
526666,BIL
526668,KAMATHOTEL
526671,MKEL
526675,TIRTPLS
526677,KEEPLEARN
526683,UNIVAFOODS
526687,POLOHOT
526689,FENOPLAS
526703,ECOPLAST
526705,ELEMARB
526707,ALCHEM
526709,BITS
526711,ADARSHPL
526717,HPBL
526721,NICCOPAR
526723,NTCIND
526725,SANDESH
526727,GARNET
526729,GOLDIAM
526731,BRIGHTBR
526737,CORPOCO
526739,SHAWGELTIN
526741,CREDENCE
526747,PGFOILQ
526751,GRATEXI
526755,VELHO
526761,HOWARHO
526773,PRESSURS
526775,VALIANT
526783,DRAGARWQ
526795,MHSGRMS
526797,GREENPLY
526799,UNQTYMI
526807,SEAMECLTD
526813,RAGHUNAT
526817,CHEVIOT
526821,DAICHI
526823,RAJINFRA
526827,SPICEISLIN
526829,CONFIPET
526839,SIPL
526841,SHAKTIPR
526847,ASHSI
526849,BANARBEADS
526851,AREXMIS
526853,BI
526859,ISFL
526861,RISHILASE
526865,JAINCO
526869,KUMPFIN
526871,INTECCAP
526873,RAJGASES
526877,SIDDHEGA
526881,63MOONS
526883,SHIKHAR
526885,SARLAPOLY
526887,INDOCRED
526891,MKTCREAT
526899,HFIL
526901,SONALAD
526905,PADMAIND
526917,CHDDLTD
526921,21STCENMGM
526925,BOBSHELL
526927,DION
526931,HRYNSHP
526935,ARUNIS
526941,VAICC
526945,TYROON
526947,LAOPALA
526951,STYLAMIND
526953,VENUSREM
526959,WOODSVILA
526961,LASTMILE
526965,GUJCRAFT
526967,HEERAISP
526971,DHOOTIN
526977,CRIMSON
526981,SHBAJRG
526983,ASHOKRE
526987,URJA
527001,ASHAPURMIN
527005,SHREEPAC
527007,ATCOM
530001,GUJALKALI
530005,INDIACEM
530007,JKTYRE
530011,MANGCHEFER
530017,SIL
530019,JUBLPHARMA
530023,THEINVEST
530025,SAMYAKINT
530027,AADIIND
530035,SANTOSHF
530037,SREEJAYA
530039,LORDSCH
530043,ACKNIT
530045,TITANSEC
530049,JJEXPO
530053,REALECO
530055,HRMNYCP
530057,VIVANZA
530063,YASHRAJC
530065,LORDSHOTL
530067,CSLFINANCE
530071,PARSOLI
530073,SANGHVIMOV
530075,SELAN
530077,FRSHTRP
530079,FAZE3Q
530093,ACEEDU
530095,PRADHIN
530109,ANUPAM
530111,RAJPACK
530117,PRIVISCL
530119,NATRAJPR
530125,SAMRATPH
530127,NPRFIN
530129,NILE
530131,UDAICEMENT
530133,AMCOIND
530135,OPTIEMUS
530139,KREONFIN
530141,GYANDEV
530145,KISAN
530149,KSLIND
530151,VIJAYTX
530161,GARODCH
530163,KERALAYUR
530167,MONGIPA
530169,MOHITPPR
530171,DAULAT
530173,OSCARGLO
530175,ODYSSEY
530177,SPSINT
530179,RSCINT
530185,SURATRAML
530187,ATHARVENT
530197,FUNDVISER
530199,THEMISMED
530201,KALLAM
530207,BRAWN
530213,FORINTL
530215,KINGSINFR
530217,SWOEF
530219,NUTRICIRCLE
530231,SUBSM
530233,AUROLAB
530235,KJMCFIN
530239,SUVEN
530243,MANGASOF
530245,ARYAMAN
530249,BRIDGESE
530251,RISAINTL
530253,RAJTUBE
530255,KAYPOWR
530259,INTSTOIL
530263,GLOBALCA
530265,SAINIK
530267,ARIGATO
530271,RICHUNV
530281,QUANTDIA
530289,SPCAPIT
530291,PAOS
530295,SHRAJOI
530299,KOTHARIPRO
530305,PICCADIL
530307,CLSEL
530309,CHANDRAP
530313,KIMIABL
530315,HINDTIN
530317,GODAVARI
530331,PREMCO
530333,EMGEECA
530341,MUKESHB
530343,GENUSPOWER
530355,ASIANENE
530357,KBSINDIA
530361,PRABHHANS
530363,UGARSUGAR
530365,ORIENTBELL
530367,NRBBEARING
530369,VAMSHIRU
530377,NILAINFRA
530393,DBSTOCKBRO
530401,VINYOFL
530405,JINDCAP
530407,EPIC
530419,SUMEDHA
530421,KUWERIN
530427,CHOKSI
530429,ASHISHPO
530431,ADORFO
530433,SHIVAAGRO
530439,SIDDHA
530443,KIRANSY-B
530445,SUMERUIND
530449,RUNGTAIR
530457,CINERAD
530459,VALSONQ
530461,SABOOSOD
530467,GUJCYPROM
530469,GSLSEC
530475,TINNARUBR
530477,VIKRAMTH
530495,STRATMONT
530499,AKCAPIT
530517,RELAXO
530521,VIRAT
530525,RRETAIL
530533,TERAI
530537,MANRAJH
530543,MARG
530545,COSCO
530547,KENFIN
530549,SHILPAMED
530555,PARACABLES
530557,NCLRESE
530565,POPEES
530571,EXPLICITFIN
530577,LADDERUP
530579,UYFINCORP
530581,EKAMLEA
530585,SWASTIKA
530589,PRIMAPLA
530595,TELECANOR
530601,JAGSONFI
530605,GSLNOVA
530609,CARNATIN
530611,STURDY
530615,GARGFUR
530617,SAMPRE
530621,AAIL
530627,VIPULORG
530643,ECORECO
530655,GOODLUCK
530663,GOYALASS
530665,ZENITHHE
530667,SRINANDAA
530669,ACEENGITEC
530675,YORKEXP
530677,SUPREME
530683,PITHP
530689,LYKISLTD
530695,PRIMEPRO
530697,ZENLABS
530699,RAJRILTD
530701,KDJHRL
530703,INFODRIVE
530705,FLORATX
530709,GOWRALE
530711,JAGANLAM
530713,AJEL
530715,ALPSINDUS
530723,ASITCFIN
530733,ENCODE
530735,SUPERBAK
530741,OVOBELE
530745,ACSTECH
530747,CHALLANI
530755,CORNE
530757,SHENTRA
530759,STERTOOLS
530765,AGARWAL
530771,KLGCAP
530773,IVRCLINFRA
530777,INFRAIND
530779,DYNAMICP
530787,INLANPR
530789,CEEJAY
530795,SUNCITYSY
530797,SHGANEL
530799,ANNAINFRA
530803,BHAGERIA
530805,OIVL
530809,BNRUDY
530813,KRBL
530821,SSPDL
530825,DAIKAFFI
530829,CILSEC
530839,CLIOINFO
530841,SHRIBCL
530843,CUPID
530845,SUNSHIEL
530853,HIPOLIN
530855,GDLLEAS
530859,COSBOARD
530871,CHEMBOND
530879,CIFL
530881,ABVL
530883,SUCROSA
530889,ALKA
530891,RKB
530897,NGIND
530899,ASIAPAK
530905,SAINDUS
530907,SICAPIT
530909,ERPSOFT
530915,JRFOODS
530917,RRSECUR
530919,REMSONSIND
530921,INTETHR
530925,RAMSONS
530927,HARAFIN
530929,EUROASIA
530931,STANPACK
530943,SABTNL
530951,RAMINFO
530953,SUNILAGR
530959,DIANATEA
530961,VIKASECO
530965,IOC
530973,ALFAICA
530977,SKCIL
530979,INDIAHOME
530985,JPTSEC
530991,ROOPAIND
530993,SARTHAKGL
530997,UNIQUEO
530999,BALAMINES
531003,SWRNASE
531013,SUNGRAN
531015,VENMAX
531017,ARISE
531025,VISAGAR
531027,LIBORD
531029,BHATEXT
531033,REGAL
531035,ERAAYA
531039,SWADHATURE
531041,COMPEAU
531043,ZDHJERK
531047,ADVPOWER
531049,NEELKAN
531051,VINTAGES
531065,OSWALOR
531067,CONTILI
531069,VIJSOLX
531080,SHRIKRISH
531082,ALANKIT
531083,NIHARINF
531085,LAKHANI
531091,UNITDCR
531092,OMINFRAL
531099,CHECKPOINT
531109,ISHANCH
531111,GOTHIPL
531112,BALUFORGE
531119,CEENIK
531120,PATELENG
531126,VIRTUALS
531127,MENAMANI
531129,INANI
531137,GEMSI
531144,ELFORGE
531146,MEDICAMEQ
531147,ALICON
531148,ENCHANTE
531153,DILIGENT
531155,EPSOMPRO
531156,ALFAVIO
531157,ORGCOAT
531158,CATVISION
531161,ABMKNO
531162,EMAMILTD
531163,KEMISTAR
531164,LADIAMO
531168,ASSOCER
531169,SKPSEC
531171,DEVIKA
531173,SYSCHEM
531175,BLSINFOTE
531176,MEFCOMCAP
531178,HEMANG
531179,ARMANFIN
531190,TAVERNIER
531191,FILTRON
531198,DHANADACO
531199,GLANCE
531201,SHILCTECH
531203,TRADEWELL
531205,SPRIGHT
531207,RAYLA
531209,NUCLEUS
531210,COLINZ
531211,WELLNESS
531212,NLFL
531213,MANAPPURAM
531215,RTSPOWR
531216,COMFINTE
531219,SHYAMAINFO
531221,MAYURFL
531223,ANJANI
531225,XTGLOBAL
531227,DECOMIC
531228,RANDER
531233,RASIELEC
531234,SCOOBEEDAY
531235,CITIPOR
531237,DHRUVCA
531240,SHAMROIN
531241,LINC
531246,PRIMAIN
531252,ANERI
531253,INDGELA
531254,OPTIFIN
531255,PARAGONF
531257,PRATIKSH
531259,ESHAMEDIA
531260,REFEXRENEW
531262,SURINDL
531265,PROGREXV
531266,VSTTILLERS
531268,B2BSOFT
531272,NIKKIGL
531273,RADHEDE
531274,KINETRU
531278,ELIXIR
531279,TRISHAKT
531280,PANKAJPO
531281,MARBLE
531282,VIRPOLY
531283,CINDRELL
531286,ADHHATA
531287,NATPLASTI
531288,LEADFIN
531289,NATFIT
531297,ARTEFACT
531300,AMITINT
531301,HIGHSTREE
531304,NUTECGLOB
531306,DHPIND
531307,RRIL
531310,AVAILFC
531314,INTCAPL
531319,MARUTISE
531322,HAVISHA
531323,JAYIND
531324,ROSELABS
531327,CHARMS
531328,KRETTOSYS
531330,DYNMICR
531334,VIKALPS
531335,ZYDUSWELL
531337,WINPRO
531338,MILESTONE
531340,BERVINL
531341,GUJINV
531343,INDINFRA
531344,CONCOR
531346,EASTRED
531349,PANACEABIO
531352,PEETISEC
531357,MERCURYEV
531358,CHOICEIN
531359,SRAMSET
531360,GOLECHA
531364,EKANSH
531370,SPAR
531371,RUPEBAR
531373,BYKE
531375,GCCLINP
531380,CSURGSU
531381,ARIHANT
531387,HASTIFIN
531390,UPSURGE
531392,ASFLORA
531395,PADAMCO
531396,WOMENNET
531397,POLYCON
531398,SOURCENTRL
531399,GGAUTO
531400,ALMONDZ
531402,LWSKNIT
531404,ZICOM
531406,ANSINDUS
531409,ALCHCORP
531411,TUNITEX
531412,RADIXIND
531413,KIRANPR
531416,NARPROP
531417,MEGACOR
531420,BMBMUMG
531426,TNPL
531429,ADVENT
531431,SHAKTIPUMP
531432,SYTIXSE
531433,SUNGOLD
531436,SAFFRON
531437,PWASML
531439,GOLDTECH
531441,LYONSCO
531444,VARDHMAN
531448,SAFALSEC
531449,GRMOVER
531452,NCCFIN
531453,MOHITIND
531454,POLYLINK
531456,MINAXI
531457,NARSM
531458,BOSTONBIO
531460,CONTICON
531463,GBLINFRA
531465,NOUVEAU
531471,DUKEOFS
531472,CYBELEIND
531486,FILME
531489,CGVAK
531494,NAVKAR
531495,BLUECOAST
531496,OMKAR
531497,MADHUCON
531499,SYBLY
531500,RAJESHEXPO
531502,ESARIND
531503,MARIS
531505,INDERGR
531506,SKRABUL
531508,EVEREADY
531509,STEP2COR
531512,ORIENTTR
531515,MAHANIN
531518,VIKASPROP
531521,DESHRAK
531524,ICSA
531525,ACESOFT
531529,SOFTRAKV
531530,BETALA
531531,HATSUN
531533,ACCEDERE
531536,SRIMT
531537,JYOTHI
531539,RISHDIGA
531540,MAINFRA
531541,KOBO
531543,JINDWORLD
531547,TIRIN
531548,SOMANYCERA
531550,JHACC
531552,RAGHUTOB
531553,DRL
531556,CORALFINAC
531557,AMITSEC
531560,AROMAENT
531568,ASHUTPM
531569,SANJIVIN
531572,RANJITSE
531574,VASINFRA
531578,KMFBLDR
531582,BERYLSE
531583,RAP
531585,DEVINE
531591,BAMPSL
531592,GENPHARMA
531594,INCON
531595,CGCL
531597,MIDPOLY
531599,FDC
531600,GOGIACAP
531608,GORANIN
531609,KGPETRO
531610,UFMINDL
531611,AADHAARVEN
531613,MAL
531615,ERABUILD
531616,STARCOM
531621,CENTERAC
531624,COUNCODOS
531625,SANHP
531626,OROSMITHS
531628,TEJASSVI
531633,LINCOLN
531635,SILVOAK
531637,PRAVEG
531638,SURAJLTD
531640,SICL
531642,MARICO
531644,TOKYOFIN
531647,BJDUP
531648,MAHAVIRIND
531650,VAXHS
531651,NATGENI
531652,THIRDFIN
531653,CHABRASP
531658,ABATEAS
531661,HITTCO
531663,YUVRAAJHPL
531667,RRMETAL
531668,VISIONCO
531671,BISIL
531672,INANISEC
531673,ANKIN
531676,VAGHANI
531677,ARISINT
531680,MAYUR
531681,AMERISE
531685,FRONTFN
531686,ADVIKLA
531687,KGL
531688,PRITHVIEXCH
531692,KHYATI
531694,RAINBOWF
531696,VSDCONF
531712,TRILOGIC
531716,TRICOMFRU
531717,VIDHIING
531719,BHAGCHEM
531723,GATECH
531724,HRBFLOR
531726,PANCHSHEEL
531727,MENNPIS
531735,PRISMFN
531737,GREENCREST
531738,SILICON
531739,GENNEX
531743,HIRAUTO
531744,GINISILK
531746,PRAENG
531752,BIOGEN
531758,GKCONS
531761,APOLLOPIPE
531762,UNJHAFOR
531768,POLYMED
531769,PFLINFOTC
531771,SHRADDHA
531775,CISTRO
531778,KACHCHH
531779,PADALPO
531780,KACL
531781,SAPANCHEM
531784,KCLINFRA
531794,SESHACHAL
531795,ATULAUTO
531797,SCANPRO
531802,PRERINFRA
531810,METALCO
531812,SGNTE
531813,GANGAPA
531814,TIRSARJ
531819,NUWAY
531821,MUNOTHFI
531822,RODIUM
531825,RCCEMEN
531832,NAGTECH
531834,NATHUEC
531840,IECEDU
531841,INDUSFINL
531842,LAHOTIOV
531845,ZENITHSTL
531846,TRINITYLEA
531847,ASTAR
531855,PRABHAVIN
531859,ORIRAIL
531861,JOINDRE
531862,BHARATAGRI
531863,SIGRUN
531866,AAGAMCAP
531867,UNITINT
531869,SACHEMT
531870,POPULARES
531878,ANJANIFIN
531881,GMETCOAL
531885,SVAINDIA
531887,RAHME
531888,REXNORD
531889,IIL
531892,KHANDSE
531893,SAWABUSI
531898,SANGUI
531900,CCLINTER
531902,GALLOPENT
531909,CROISSANCE
531910,MADHUVEER
531911,GALAGEX
531913,GOPAIST
531917,TWINSTAR
531918,HINDAPL
531921,AGARIND
531923,DHAMPURE
531925,SHAQUAK
531928,GOLCA
531929,INNOCORP
531930,SARTHAKIND
531931,SAICAPI
531936,BLUECHIP
531944,SERVOTEACH
531946,CHADPAP
531950,VERTEX
531952,RIBATEX
531953,GCCL
531959,NEWINFRA
531960,KASHYAP
531962,SHREMETAL
531968,IITLPROJ
531971,HARIGOV
531972,TRIDETOOL
531977,CHLOGIST
531978,AMBIKCO
531979,HINDALUMI
531980,SENINFO
531982,SPECFOOD
531989,DECPO
531991,AMRAAGRI
531994,AUTOPINS
531996,ODYCORP
531997,VUENOW
532001,INDCTST
532005,SAMINDUS
532007,SHVFL
532011,POOJAENT
532015,GRAVITY
532016,ESPIRE
532019,LCCINFOTEC
532022,FILATFASH
532024,RBGUPTA
532029,SINDHUTRAD
532033,JAINSTUDIO
532035,UNISTRMU
532038,EMMSONS
532039,ZENOTECH
532041,HINDBIO
532042,FRONTCORP
532051,SWELECTES
532053,WALLFORT
532054,KDDL
532056,ADIEXRE
532057,ABHICAP
532067,3BBLACKBIO
532070,SUMUKA
532072,INTERDIGI
532078,MONIND
532081,KSERASERA
532083,SHKALYN
532090,VANDANA
532092,EPUJA
532100,INDOCITY
532102,SBECSUG
532105,MEGFI
532113,BRIJLEAS
532123,BSELALGO
532124,RELIABVEN
532131,TRIUMPIN
532134,BANKBARODA
532138,SMCREDT
532139,GTEIT
532140,MOHITE
532141,ACL
532143,SKMEGGPROD
532144,WELCORP
532145,HOTLSILV
532149,BANKINDIA
532150,INDRAMEDCO
532154,JOHNPHARMA
532155,GAIL
532156,VAIBHAVGBL
532159,TRESCON
532160,GUJSTATFIN
532161,BAFEG
532162,JKPAPER
532163,SAREGAMA
532164,MINOLTAF
532166,ALKASEC
532167,OMKARPH
532172,ADROITINFO
532173,CYBERTECH
532174,ICICIBANK
532175,CYIENT
532178,ENGINERSIN
532180,DHANBANK
532181,GMDCLTD
532183,GAYATRI
532187,INDUSINDBK
532189,ITDC
532209,J&KBANK
532210,CUB
532212,ARCHIES
532215,AXISBANK
532216,HBSL
532217,SIELFNS
532218,SOUTHBANK
532219,ENERGYDEV
532221,SONATSOFTW
532230,BENGALT
532234,NATIONALUM
532240,INDNIPPON
532256,NSIL
532259,APARINDS
532262,TCIIND
532268,ACCELYA
532271,ORCHASP
532275,LANDMARC
532281,HCLTECH
532284,TCFCFINQ
532285,GEOJITFSL
532286,JINDALSTEL
532290,BLBLIMITED
532296,GLENMARK
532300,WOCKPHARMA
532303,INTEGHIT
532304,KJMCCORP
532305,INDSWFTLAB
532307,MELSTAR
532309,GEPIL
532310,SHREERAMA
532313,MAHLIFE
532315,TELESYS
532316,SKUMAR
532320,VAARAD
532321,ZYDUSLIFE
532323,SHIVACEM
532324,CINEVISTA
532326,INTENTECH
532329,DANLAW
532330,BIOPAC
532331,AJANTPHARM
532332,CURATECH
532333,HBPOR
532334,HBESD
532335,AMBICAAGAR
532336,BARONINF
532339,COMPUSOFT
532340,OMNIAX
532341,IZMO
532342,COMMEXTECH
532343,TVSMOTOR
532344,SOFTSOL
532345,ACLGATI
532348,SUBEXLTD
532349,TCI
532350,PADMALAYAT
532351,AKSHOPTFBR
532354,VIRGOGLOB
532355,PICTUREHS
532356,TRIVENI
532357,MUKTAARTS
532359,HITKITGLO
532362,NAGPI
532365,DSSL
532366,PNBGILTS
532368,BCG
532369,RAMCOIND
532370,RAMCOSYS
532371,TTML
532372,VIRINCHI
532373,WEPSOLN
532374,STLTECH
532375,TIPSINDLTD
532376,MRO-TEK
532378,UNIVARTS
532379,FIRSTFIN
532380,BABA
532382,BALAJITELE
532384,TYCHE
532386,CALSOFT
532387,PNC
532388,IOB
532389,VALECHAENG
532390,TAJGVK
532391,OPTOCIRCUI
532392,CREATIVEYE
532395,AXISCADES
532397,KONNDOR
532398,UMESLTD
532400,BSOFT
532402,USGTECH
532403,4THGEN
532404,7TEC
532406,AVANTEL
532407,MOSCHIP
532408,MEGASOFT
532410,TRANSCOR
532411,VISESHINFO
532413,CEREBRAINT
532416,NEXTMEDIA
532419,SMARTLINK
532424,GODREJCP
532425,GENUSPRIME
532430,BFUTILITIE
532432,UNITDSPR
532435,SANINFRA
532439,OLECTRA
532440,MPSLTD
532441,RAINBOWDQ
532443,CERA
532444,TSPIRITUAL
532454,BHARTIARTL
532455,SHALIWIR
532456,COMPINFO
532457,GULPOLY
532460,PONNIERODE
532461,PNB
532466,OFSS
532467,HAZOOR
532468,KAMAHOLD
532470,MPFSL
532475,APTECHT
532477,UNIONBANK
532478,UBL
532479,ISMTLTD
532481,NOIDATOLL
532482,GRANULES
532483,CANBK
532485,BLIL
532486,POKARNA
532488,DIVISLAB
532493,ASTRAMICRO
532497,RADICO
532500,MARUTI
532503,RAJPALAYAM
532504,NAVINFLUOR
532505,UCOBANK
532507,BAGFILMS
532508,JSL
532509,SUPRAJIT
532513,TVSELECT
532514,IGL
532515,TVTODAY
532521,PALREDTEC
532522,PETRONET
532523,BIOCON
532524,PTC
532525,MAHABANK
532527,RKFORGE
532528,DATAMATICS
532529,NDTV
532531,STAR
532532,JPASSOCIAT
532538,ULTRACEMCO
532539,UNOMINDA
532540,TCS
532541,COFORGE
532543,GULFPETRO
532548,CENTURYPLY
532553,WELENT
532555,NTPC
532604,SALSTEEL
532605,JBMA
532609,BHARATIDIL
532610,DWARKESH
532612,INDOCO
532613,VIPCLOTHNG
532614,IMPEXFERRO
532616,XCHANGING
532617,JETAIRWAYS
532621,MORARJEE
532623,NRINTER
532624,JINDALPHOT
532626,POCL
532627,JPPOWER
532628,3IINFOLTD
532629,MBECL
532630,GOKEX
532633,ALLSEC
532636,IIFL
532637,MANGALAM
532638,SHOPERSTOP
532640,CYBERMEDIA
532641,NDL
532642,JSWHL
532644,JKCEMENT
532645,BEEYU
532646,UNIPLY
532648,YESBANK
532649,NECLIFE
532650,MSPL
532651,SPLIL
532652,KTKBANK
532654,MCLEODRUSS
532656,FACORALL
532657,FACORSTE
532658,EON
532659,IDFC
532660,VIVIMEDLAB
532661,RML
532662,HTMEDIA
532663,SASKEN
532665,RAJVIR
532666,FCSSOFT
532667,SUZLON
532668,AURIONPRO
532669,SBTL
532670,RENUKA
532673,KMSUGAR
532674,BASML
532676,PBAINFRA
532678,BRFL
532683,AIAENG
532684,EKC
532686,KERNEX
532687,REPRO
532689,PVRINOX
532692,RMCL
532693,PUNJLLOYD
532694,ASMS
532695,CELEBRITY
532696,EDUCOMP
532698,NITINSPIN
532699,ROHLTD
532700,ENIL
532701,CELLA
532702,GSPL
532705,JAGRAN
532707,DYNPRO
532708,GVKPIL
532710,SADBHAV
532712,RCOM
532713,SAKUMA
532714,KEC
532715,GITANJALI
532716,GILLANDERS
532717,INDOTECH
532718,PRATIBHA
532719,BLKASHYAP
532720,M&MFIN
532721,VISASTEEL
532722,NITCO
532723,MPDL
532725,SOLARINDS
532726,GALLANTT
532728,MALUPAPER
532729,UTTAMSUGAR
532730,SGL
532732,KKCL
532733,SUNTV
532734,GPIL
532735,RSYSTEMS
532737,EMKAY
532738,TCLCONS
532740,LOKESHMACH
532741,KAMDHENU
532742,PAUSHAKLTD
532744,GTNTEX
532745,INDICAP
532746,UNITY
532748,PFOCUS
532749,ALLCARGO
532751,EASUNREYRL
532754,GMRINFRA
532755,TECHM
532756,CIEINDIA
532757,VOLTAMP
532759,ATLANTAA
532760,DEEPENR
532761,HOVS
532762,ACE
532764,GEECEE
532766,RICHAIND
532767,GAYAPROJ
532768,FIEMIND
532771,JHS
532772,DCBBANK
532773,GLOBALVECT
532774,INSPIRISYS
532775,GTLINFRA
532776,SHIVAMAUTO
532777,NAUKRI
532779,TORNTPOWER
532780,PARSVNATH
532782,SUTLEJTEX
532783,LTFOODS
532784,SOBHA
532785,RUCHIRA
532790,TANLA
532794,ZEEMEDIA
532795,SITINET
532796,LUMAXTECH
532797,AUTOIND
532798,NETWORK18
532799,HUBTOWN
532800,TV18BRDCST
532801,CTE
532804,TIIL
532805,REDINGTON
532806,AICHAMP
532807,CINELINE
532808,PGIL
532809,FSL
532810,PFC
532811,AHLUCONT
532812,TFL
532813,CANDC
532814,INDIANB
532815,SMSPHARMA
532817,ORIENTALTL
532820,ELAND
532821,INDUSFILA
532822,IDEA
532823,EUROCERA
532825,JAGJANANI
532826,RAJTV
532827,PAGEIND
532828,AMDIND
532829,LEHAR
532830,ASTRAL
532831,ABHISHEK
532832,EMBDL
532834,CAMLINFINE
532835,ICRA
532839,DISHTV
532841,SAHYADRI
532842,SRHHYPOLTD
532843,FORTIS
532845,TGBHOTELS
532847,HILTON
532848,DELTACORP
532850,MICEL
532851,INSECTICID
532852,MCDHOLDING
532853,ASAHISONG
532854,NITINFIRE
532855,HARYNACAP
532856,TIMETECHNO
532859,HGS
532864,NELCAST
532866,QUINTEGRA
532867,V2RETAIL
532868,DLF
532869,TARMAT
532870,ANKITMETAL
532871,CELESTIAL
532872,SPARC
532873,HDIL
532874,SURYACHAKRA
532875,ADSL
532878,ALPA
532879,SSLEL
532880,OMAXE
532884,REFEX
532885,CENTRALBK
532886,SELMC
532887,NTL
532888,ASIANTILES
532889,KPRMILL
532890,TAKE
532891,PURVA
532892,MOTILALOFS
532893,VTMLTD
532894,INDOWIND
532895,NAGREEKCAP
532896,MAGNUM
532898,POWERGRID
532899,KSCL
532900,PAISALO
532902,CCCL
532904,SUPREMEINF
532906,MAANALU
532907,IL&FSENGG
532911,PARLEIND
532914,ARCOTECH
532915,RELIGARE
532916,BVCL
532918,RATHIBAR
532921,ADANIPORTS
532922,EDELWEISS
532923,RGL
532924,KOLTEPATIL
532925,KAUSHALYA
532926,JYOTHYLAB
532927,ECLERX
532928,TARIL
532929,BRIGADE
532930,BGRENERGY
532931,BURNPUR
532932,MANAKSIA
532933,PORWAL
532934,PPAP
532935,ARIES
532937,KUANTUM
532939,RPOWER
532940,JKIL
532941,CORDSCABLE
532942,KNRCON
532944,ONMOBILE
532945,SEPC
532946,BANG
532947,IRB
532948,TULSI
532951,GSS
532952,NAHARCAP
532953,VGUARD
532955,RECLTD
532957,GOKAKTEX
532959,AJRINFRA
532960,DHANI
532966,TITAGARH
532967,KIRIINDUS
532972,SANKHYAIN
532974,BIRLAMONEY
532975,TELOGICA
532976,JAIBALAJI
532977,BAJAJ-AUTO
532978,BAJAJFINSV
532980,GOKUL
532983,RPGLIFE
532985,SENSEX1
532986,NIRAJ
532987,RBL
532988,RANEENGINE
532989,BAFNAPH
532990,METKORE
532991,MVL
532992,CHLLTD
532993,SEJALLTD
532994,ARCHIDPLY
532997,KSK
532998,LOTUSEYE
533001,SOMICONVEY
533006,BIRLACOT
533007,LGBFORGE
533012,LPDC
533014,SICAGEN
533015,NUTEK
533017,RMMIL
533018,SIMPLXMIL
533019,SIMPLXPAP
533022,20MICRONS
533023,ZFCVINDIA
533029,ALKALI
533033,ISGEC
533047,IMFA
533048,TPHQ
533056,VEDAVAAG
533078,MANJEERA
533079,SANDPLAST
533080,MOLDTKPAC
533088,MHRIL
533090,EXCEL
533093,ROML
533095,BENGALASM
533096,ADANIPOWER
533098,NHPC
533100,PEIL
533101,SURYAAMBA
533103,JINDCOT
533104,GLOBUSSPR
533106,OIL
533107,RNAVAL
533108,BTTL
533109,EUROMULTI
533110,SPSL
533121,EXPLEOSOL
533122,RTNPOWER
533137,DEN
533138,ASTEC
533146,DLINKINDIA
533148,JSWENERGY
533149,YUNIKM
533150,GODREJPROP
533151,DBCORP
533152,MBLINFRA
533155,JUBLFOOD
533156,VASCONEQ
533158,THANGAMAYL
533160,DBREALTY
533161,EMMBI
533162,HATHWAY
533163,ARSSINFRA
533164,TEXMOPIPES
533166,SUNDARAM
533167,COROENGG
533168,ROSSELLIND
533169,MANINFRA
533170,TAMBOLIIN
533176,DQE
533177,IL&FSTRANS
533179,PERSISTENT
533181,ISFT
533189,GOENKA
533192,KCPSUGIND
533193,KECL
533200,TALWALKARS
533202,SATCH
533203,TARAPUR
533204,GBGLOBAL
533206,SJVN
533207,JPINFRATEC
533208,EMAMIPAP
533210,KRITINUT
533212,GKB
533216,TECHNOFAB
533217,HMVL
533218,EMAMIREAL
533221,AHLWEST
533227,AHLEAST
533229,BAJAJCON
533239,PRAKASHSTL
533248,GPPL
533252,WELINV
533257,INDOSOLAR
533259,SASTASUNDR
533260,CAREERP
533261,EROSMEDIA
533262,RAMKY
533263,GREENPOWER
533267,CANTABIL
533268,SEATV
533269,WABAG
533270,BEDMUTHA
533271,ASHOKA
533272,JWL
533273,OBEROIRLTY
533274,PRESTIGE
533275,SHAH
533278,COALINDIA
533282,GRAVITA
533284,RPPINFRA
533285,RDBRIL
533286,MOIL
533287,ZEELEARN
533289,KTIL
533292,A2ZINFRA
533293,KIRLOSENG
533294,RKDL
533295,PSB
533296,FMNL
533298,SURANASOL
533301,SHEKHAWATI
533302,KICL
533303,BFINVEST
533306,SUMMITSEC
533315,INOVSYNTH
533316,STEL
533317,OMKARCHEM
533320,JUBLINDS
533321,BILENERGY
533326,TEXRAIL
533329,INDTERRAIN
533333,FCL
533336,DHUNINV
533339,ZENTEC
533343,LOVABLE
533344,PFS
533398,MUTHOOTFIN
533400,FCONSUMER
533407,CNOVAPETRO
533427,VMS
533451,KARMAENG
533452,DELPHIFX
533470,RUSHIL
533477,ENKEIWHEL
533482,KRIDHANINF
533499,BGLOBAL
533506,INVENTURE
533519,LTF
533520,YAARI
533540,TREEHOUSE
533543,BROOKS
533552,RUPA
533553,TDPOWERSYS
533573,APLLTD
533576,VASWANI
533581,PGEL
533602,LESHAIND
533605,SETUINFRA
533608,RDBRL
533629,TIJARIA
533632,ONELIFECAP
533638,FLEXITUFF
533644,UEL
533655,TRITURBINE
533676,INDOTHAI
533704,ESSARSHPNG
533758,APLAPOLLO
533761,GPTINFRA
533896,FERVENTSYN
533941,THOMASCOTT
533982,TERASOFT
534060,PMCFIN
534063,FUTSOL
534064,AIML
534076,RHIM
534091,MCX
534109,PYXISFIN
534139,SCHNEIDER
534190,OLPCL
534309,NBCC
534312,MTEDUCARE
534328,HEXATRADEX
534338,MAXHEIGHTS
534369,TBZ
534392,VSSL
534422,LOOKS
534425,SPECIALITY
534532,LYPSAGEMS
534535,BGPL
534563,MASL
534564,ASEEMG
534597,RTNINDIA
534598,SAMPANN
534600,JTLIND
534612,AMTL
534615,NECCLTD
534618,WAAREERTL
534623,JUPITERIN
534639,VINAYAKPOL
534659,JOINTECAED
534674,DUCON
534675,PROZONER
534680,SRGHFL
534691,COMCL
534708,SHANTIGURU
534731,BITL
534732,CASPIAN
534733,AERPACE
534741,VIRTUALG
534742,ZUARI
534748,STEELXIND
534755,TRIOMERC
534758,CIGNITITEC
534796,CDG
534804,CARERATING
534809,PCJEWELLER
534816,INDUSTOWER
534839,EFPL
534920,COVIDH
534976,VMART
535136,NIBE
535142,CNEL
535204,MUKTA
535205,MYSTICELE
535217,HPCBL
535267,COMFINCAP
535276,SBISENSEX
535279,BMAL
535322,REPCOHOME
535387,LAKHOTIA
535431,GCMSECU
535458,NIBL
535466,SRL
535467,AIFL
535514,PRIMECAPM
535566,KIFS
535601,SREEL
535602,SHARDAMOTR
535620,BINNYMILLS
535621,SVGLOBAL
535647,SDC
535648,JUSTDIAL
535657,OONE
535658,PAWANSUT
535667,IFINSEC
535693,BRAHMINFRA
535694,EDSL
535719,AMPVOLTS
535730,KHOOBSURAT
535754,ORIENTCEM
535755,ABFRL
535789,SAMMAANCAP
535910,MMLF
535916,ALSL
535917,GCMCOMM
535958,ESSENTIA
536073,JULIEN
536128,VKJINFRA
536264,TIGERLOGS
536456,RJBIOTECH
536493,JK AGRI
536507,FLFL
536565,TRIMURTHI
536644,NEWEVER
536659,PVVINFRA
536672,VCU
536709,INDRENEW
536710,SRGSFL
536737,ACFSL
536738,STELLAR
536773,JPOLYINVST
536846,YURANUS
536868,INTELSOFT
536960,MOM100
536965,BPCAP
536974,CPL
537007,NIFTYIETF
537008,NIF100IETF
537069,ARNOLD
537092,MODEX
537253,SUNLOC
537254,RCIIND
537259,SUYOG
537291,NATHBIOGEN
537292,AGRITECH
537326,CHEMTECH
537392,TAAZAINT
537483,NIF100BEES
537492,AGRIMONY
537524,VIAANINDUS
537536,DENISCHEM
537573,POLYMAC
537582,UNISHIRE
537669,LAXMIPATI
537707,ETT
537708,NIFTY1
537709,HANSUGAR
537750,KIRANVYPAR
537766,BCP
537784,KCSL
537785,RACE
537800,MANGIND
537820,VIJIFIN
537839,PHOENIXTN
537840,RAUNAQEPC
537922,IPRU2296
537923,IPRU8496
537954,SKP
537985,INFRONICS
538057,CPSEETF
538081,HARIAAPL
538092,VASUPRADA
538119,RNBDENIMS
538180,GOLDLINE
538212,SHARPINV
538268,WONDERLA
538273,RESPONSINF
538309,IPRU2365
538310,IPRU2366
538311,IPRU8565
538312,IPRU8566
538319,GCMCAPI
538351,AFEL
538365,INCREDIBLE
538382,WESTLEIRES
538395,NAM
538401,METSL
538402,SPS
538418,RCLEDIIADD
538419,RCLEDIIADG
538420,RCLENDIIAD
538421,RCLENDIIAG
538422,JACKSON
538433,CCFCL
538446,MONEYBOXX
538451,WORTH
538452,QUASAR
538464,TPROJECT
538465,AMARSEC
538476,CTL
538496,TARINI
538504,CML
538520,SBL
538521,YAANENT
538537,OMANSH
538539,JTAPARIA
538540,RLFL
538542,GOLDCOINHF
538546,BRPL
538547,OASIS
538556,ARMAN
538562,SKIPPER
538563,ADARSH
538564,JAMESWARREN
538565,VISTARAMAR
538567,GULFOILLUB
538568,FRUTION
538569,TRIVENIENT
538570,ACHAL
538576,BHANDERI
538578,IPRU8628
538579,ZINEMA
538591,NCAPBULADD
538592,NCAPBULADG
538593,NCAPBUILAD
538594,NCAPBUILAG
538596,QUANTBUILD
538597,TTIENT
538598,VISHAL
538607,TOYAMSL
538609,GAJANANSEC
538610,UNISON
538611,RTFL
538630,NCAPBULBDD
538631,NCAPBULBDG
538632,NCAPBUILBD
538633,NCAPBUILBG
538634,VRL
538635,SNOWMAN
538646,QGO
538647,PURSHOTTAM
538648,IPRU2487
538649,IPRU2488
538650,IPRU8687
538651,IPRU8688
538652,HCLTD
538666,SHARDACROP
538667,SIROHIA
538668,MIIL
538674,CITYONLINE
538683,SENSEXBEES
538684,ENCASH
538685,SHEMAROO
538706,ULTRACAB
538707,RCCL
538708,ETIL
538713,ATISHAY
538714,SANGAMFIN
538715,DHABRIYA
538716,ARYACAPM
538728,IPRU2511
538729,IPRU8711
538730,PDSL
538731,HANMAN
538732,VGCL
538733,STARLIT
538734,CEINSYSTECH
538742,PANABYTE
538743,MUDUNURU
538763,IPRU2530
538764,IPRU8730
538765,JSHL
538770,CRANEINFRA
538771,PINCON
538772,NIYOGIN
538777,ASIACAP
538778,KALYANCAP
538786,CIL
538787,GBFL
538788,GILADAFINS
538794,JETINFRA
538795,SAPPL
538811,D3YRCEEDDP
538812,AANCHALISP
538817,CAPPIPES
538833,KAIZENAGRO
538834,JMJFIN
538835,INTELLECT
538836,MONTECARLO
538837,JSTL
538838,ICL
538857,SCC
538858,CAMSONBIO
538860,PANAFIC
538862,MYMONEY
538863,AMARNATH
538868,CSL
538874,NEXUSSURGL
538875,SELLWIN
538881,GALADAFIN
538882,EMERALD
538890,MKEXIM
538891,MCLOUD
538892,IPRU2586
538893,IPRU8788
538894,OCTAL
538895,MIHIKA
538896,KANCHI
538897,SHRINIWAS
538902,DTIL
538918,VANICOM
538919,SKILVEN
538920,VINCOFE
538921,RAFL
538922,COSYN
538923,SOFCOM
538924,IPRU2591
538925,IPRU8793
538926,NAPL
538928,KARNAVATI
538935,ABHIFIN
538936,IPRU2598
538937,IPRU8800
538942,MERCANTILE
538943,SONAL
538952,ALFL
538961,GENUSPAPER
538962,MINDACORP
538963,PACT
538964,MERCURYLAB
538965,CONCORD
538970,WARDINMOBI
538975,SHREESEC
538979,GREENLAM
538987,TALBROSENG
538992,SAPL
538993,PUROHITCON
539005,JAYATMA
539006,PTCIL
539008,TIRUFIN
539010,SMADL
539011,CHENFERRO
539012,MEGRISOFT
539013,GITARENEW
539014,KALPACOMME
539015,ORTEL
539016,NEIL
539017,STARHFL
539018,BEEKAY
539026,SSPNFIN
539031,SETFBSE100
539032,FRASER
539040,TTIL
539041,GANVERSE
539042,AGIIL
539043,BKMINDST
539044,MANAKSTEEL
539045,MANAKALUCO
539046,MANAKCOAT
539056,IMAGICAA
539083,INOXWIND
539085,IPRU8821
539090,RAJPUTANA
539091,CITL
539092,IPRU8841
539093,IPRU8842
539094,IPRU2639
539095,IPRU2640
539096,AANANDALAK
539097,URSUGAR
539098,FILTRA
539099,ATHCON
539100,IPRU2626
539101,IPRU8828
539110,NORTHLINK
539111,SHESHAINDS
539112,SAB
539113,PML
539115,ALAN SCOTT
539116,OPCHAINS
539117,SUJALA
539118,VRLLOG
539119,JAINMARMO
539120,BFFL
539121,PALCO
539122,BODHTREE
539123,VBIND
539124,SARVOTTAM
539126,MEP
539132,WARDWIZFBL
539133,KTKKIGFG
539135,KTKKIGFD
539136,KTKKIGFGD
539137,KTKKIGFDD
539141,UFO
539143,PANTH
539148,SHIVALIK
539149,ICSL
539150,PNCINFRA
539151,ARFIN
539167,VLL
539174,HELPAGE
539175,INDRAIND
539176,HAWAENG
539177,AIIL
539179,IPRU2670
539180,IPRU8872
539189,ADHBHUTIN
539190,DFL
539195,POEL
539196,AEL
539197,DEVHARI
539198,CAPFIN
539199,SGFIN
539201,SATIA
539206,GVBL
539207,MANPASAND
539216,GARMNTMNTR
539217,SRESTHA
539218,SAUMYA
539219,MUL
539220,MISHKA
539221,SPORTKING
539222,GROWINGTON
539223,AMBITION
539224,HCKKVENTURE
539225,JIYAECO
539226,RUDRA
539227,LOYAL
539228,GGPL
539229,MRSS
539230,CHEMIESYNT
539246,JEL
539251,BALKRISHNA
539252,SHYAMCENT
539253,SURYAINDIA
539254,ADANIENSOL
539255,STARDELTA
539265,AMRAFIN
539266,CONCRETE
539267,SAMSRITA
539268,SYNGENE
539273,PECOS
539275,MSL
539276,KAYA
539277,ALSTONE
539278,SYMBIOX
539285,IPRU8895
539286,IPRU2693
539287,ORTINGLOBE
539288,AVI
539289,AURUM
539290,OSWALGREEN
539291,VASUDHAGAM
539300,AKSPINTEX
539301,ARVSMART
539302,POWERMECH
539309,RAMASTEEL
539310,THINKINK
539312,UTISENSETF
539313,UTINIFTETF
539314,UNIAUTO
539319,IPRU8917
539320,IPRU8910
539321,IPRU2715
539322,IPRU2708
539331,VETO
539332,NAVKARCORP
539334,SHREEPUSHK
539335,CHPLIND
539336,GUJGASLTD
539337,WAAREE
539346,SADBHIN
539352,PBFL
539353,SALAUTO
539354,POLYSPIN
539359,PRITIKAUTO
539363,SKC
539378,SML
539383,MINFY
539384,KRISHNACAP
539391,ACME
539393,KCL
539394,IPRU8923
539395,IPRU8924
539396,IPRU2721
539397,IPRU2722
539398,VISHALBL
539399,BELLACASA
539400,MALLCOM
539401,PJL
539402,NAKSH
539403,ARAMBHAN
539404,SATIN
539405,DITCO
539406,SWAGTAM
539407,GENCON
539408,KUBERJI
539409,NEERAJ
539410,MUZALI
539428,TEJNAKSH
539433,INDOGLOBAL
539434,BRIPORT
539435,RFSL
539436,COFFEEDAY
539437,IDFCFIRSTB
539448,INDIGO
539449,IGCIL
539450,SHK
539455,ARYAVAN
539456,IPRU8937
539457,IPRU8938
539458,IPRU2735
539459,IPRU2736
539468,TFSL
539469,PANORAMA
539470,SHREEGANES
539479,GTV
539480,LICNETFN50
539486,GEETANJ
539487,LICNETFSEN
539488,TFLL
539492,GARBIFIN
539494,SMARTFIN
539495,RAJKOTINV
539506,ADCON
539515,QUINT
539516,HDFCNIFTY
539517,HDFCSENSEX
539518,UDAYJEW
539519,MAYUKH
539521,NAVIGANT
539522,GROVY
539523,ALKEM
539524,LALPATHLAB
539526,SCTL
539527,CREATIVE
539528,AAYUSH
539533,ELITECON
539542,LUXIND
539543,VALLEY
539544,ABHIINFRA
539545,APOORVA
539546,BNL
539551,NH
539552,FMEC
539559,DDIL
539560,ABHIJIT
539561,REMLIFE
539562,AARNAV
539574,SCL
539584,SIPTL
539593,SHIVA
539594,MISHTANN
539596,DELTA
539598,CGFL
539599,KEL
539607,BLUECLOUDS
539620,KEIL
539621,BCLENTERPR
539622,IPRU8957
539623,IPRU8958
539624,IPRU2755
539625,IPRU2756
539636,PRECAM
539637,BVL
539658,TEAMLEASE
539659,VIDLI
539660,BESTAGRO
539661,ACEMEN
539662,BFLAFL
539669,RGF
539673,RCL
539678,QUICKHEAL
539679,KAPILRAJ
539680,GANGAPHARM
539681,DAL
539682,LUCENT
539683,SHIVKAMAL
539686,KPEL
539691,RGCORP
539692,IFINSER
539697,HILIKS
539708,IPRU2766
539709,IPRU2767
539710,IPRU8968
539711,IPRU8969
539724,HYPERSOFT
539725,GOKULAGRO
539730,FREDUN
539742,SIMBHALS
539760,RELICAB
539761,VKAL
539762,MEAPL
539767,MNIL
539770,DARJEELING
539773,ADVIKCA
539784,LICNFNHGP
539785,PDMJEPAPER
539787,HCG
539788,KDML
539798,UMIYA
539799,BHARATWIRE
539800,CHDCHEM
539807,INFIBEAM
539814,LELAVOIR
539819,MUDRA
539833,SICLTD
539834,BALGOPAL
539835,SUPERIOR
539836,RUBY
539837,RPEL
539839,FRANKLIN
539841,LANCER
539843,NINSYS
539854,HALDER
539861,SKIL
539864,GHUSHINE
539871,THYROCARE
539872,BAJAJHCARE
539874,UJJIVAN
539875,RSDFIN
539876,CROMPTON
539883,PILANIINVS
539884,DARSHANORNA
539885,IPRU2812
539886,IPRU2813
539887,IPRU9014
539888,IPRU9015
539889,PARAGMILK
539894,MADHAVIPL
539895,SAGL
539900,DIDL
539910,KOCL
539911,SNIM
539917,NAGAFERT
539921,SEIL
539922,RGIL
539927,LIKHAMI
539938,MIL
539939,YASHCHEM
539945,NV20IETF
539946,BAZELINTER
539947,JLL
539954,IPRU2821
539955,IPRU9023
539956,TAALENT
539957,MGL
539963,ZEAL
539978,QUESS
539979,DIGJAMLMTD
539980,MIDSELIETF
539982,ASYL
539983,SIDH
539984,HUIL
539985,TITAANIUM
539986,COMSYN
539991,CFEL
539992,LLOYDSENGG
539997,KPL
540005,LTIM
540006,EASTWEST
540008,BSLSENETFG
540023,COLORCHIPS
540025,ADVENZYMES
540026,LAHL
540027,PTIL
540047,DBL
540048,SPAL
540061,BIGBLOC
540062,GOLDENCREST
540063,ECS
540064,FRETAIL
540065,RBLBANK
540066,AMS
540071,CAMSONSEEDS
540072,SHIVAEXPO
540073,BLS
540078,MITSU
540079,SPRAYKING
540080,DHATRE
540081,SABEVENTS
540082,RSTL
540083,TVVISION
540084,SPICY
540097,VISCO
540098,BSLRIFS1RG
540099,BSLRIFS1RD
540100,BSLRIFS1RS
540101,BSLRIFS1DG
540102,BSLRIFS1DD
540103,BSLRIFS1DS
540108,TIAANC
540115,LTTS
540124,GNA
540125,RADHIKAJWE
540132,SIIL
540133,ICICIPRULI
540134,IISL
540135,ARCFIN
540136,HPL
540143,SAGARSOFT
540144,DRA
540145,VALIANTORG
540146,ACML
540147,SHASHIJIT
540148,BINDALEXPO
540150,MHEL
540151,DIKSAT
540152,IGRL
540153,ENDURANCE
540154,IDFSENSEXE
540159,PURPLE
540168,SUPRAPFSL
540173,PNBHOUSING
540174,SOUTHERNIN
540175,REGENCY
540180,VBL
540181,SALEM
540190,FRANKLININD
540192,LKPSEC
540197,BSLRIFS2DN
540198,OSIAJEE
540199,CMBL
540203,SFL
540204,EIKO
540205,AVL
540210,HEADSUP
540212,TCIEXP
540221,SHASHANK
540222,LAURUSLABS
540243,NEWLIGHT
540248,AXISE1D1D
540252,VSL
540254,MTPL
540255,IPRU2894
540256,IPRU2895
540257,IPRU9096
540258,IPRU9097
540259,SHANGAR
540266,GLCL
540267,FLORACORP
540268,TRU
540269,SKL
540270,RAIDEEPIND
540271,IPRU2896
540272,IPRU2897
540273,IPRU9098
540274,IPRU9099
540293,PRICOLLTD
540310,CFL
540311,JITFINFRA
540318,SUERYAAKNI
540332,TANVI
540333,AXISE2D1D
540358,RMC
540359,PARMAX
540360,LLFICL
540361,DANUBE
540366,RADIOCITY
540376,DMART
540377,IFL
540385,KDLL
540386,ONTIC
540393,SMLT
540395,CHEMCRUX
540396,MANOMAY
540401,MAXIMUS
540402,MANAS
540403,CLEDUCATE
540404,PRIMEFRESH
540405,OCEANIC
540416,OCTAWARE
540425,SHANKARA
540426,RELSTRUCT
540455,ESCORP
540467,PARMSILK
540468,KMSMEDI
540481,CLFL
540492,STARLENT
540497,SCHAND
540515,KANUNGO
540519,MEERA
540530,HUDCO
540544,PSPPROJECT
540545,BGJL
540550,YUG
540551,AXISAEDGG
540552,AXISAEGPG
540570,VARIMAN
540575,STARCEMENT
540590,RIDDHICORP
540591,HEOFDG1126
540592,HEOFDD1126
540593,HEOFRG1126
540594,HEOFRD1126
540595,TEJASNET
540596,ERIS
540597,CONTAINER
540602,GTPL
540611,AUBANK
540612,LOWVOLIETF
540613,GEL
540614,GGENG
540615,7NR
540634,HEOFDG1100
540635,HEOFDD1100
540636,HEOFRG1100
540637,HEOFRD1100
540642,SALASAR
540647,GANGESSECU
540648,PALASHSECU
540649,AVADHSUGAR
540650,MAGADSUGAR
540651,JIGAR
540652,CTCL
540653,SPTL
540654,GSTL
540669,UTINEXT50
540673,SIS
540678,COCHINSHIP
540679,SMSLIFE
540680,KIOCL
540681,CHOTHANI
540685,IPRU9194
540686,SMRUTHIORG
540691,ABCAPITAL
540692,APEX
540693,SHISHIND
540694,ANG
540695,DWL
540696,KCDGROUP
540699,DIXON
540700,BRNL
540701,DCAL
540702,LASA
540703,PROCLB
540704,MATRIMONY
540709,RHFL
540710,CAPACITE
540711,IPRU3003
540712,IPRU3004
540713,IPRU9205
540714,IPRU9206
540715,SAGAR
540716,ICICIGI
540717,PQIF
540718,AAYUSHBULL
540719,SBILIFE
540724,DIAMONDYD
540725,SHAREINDIA
540726,TTFL
540727,POOJA
540728,SAYAJIIND
540729,VANTABIO
540730,MEHAI
540735,IRIS
540736,SIDDH
540737,SGRL
540738,STL
540739,ABSLRIF5RG
540740,ABSLRIF5RD
540741,ABSLRIF5DG
540742,ABSLRIF5DD
540743,GODREJAGRO
540744,MESCON
540749,MASFIN
540750,IEX
540755,GICRE
540756,KAARYAFSL
540757,SCPL
540762,TIINDIA
540763,IPRU3013
540764,IPRU3014
540765,IPRU9215
540766,IPRU9216
540767,NAM-INDIA
540768,MAHLOG
540769,NIACL
540774,IFGLEXPOR
540775,KHADIM
540776,5PAISA
540777,HDFCLIFE
540778,NIVBDDP
540779,NIVBDGP
540780,NIVBDP
540781,NIVBGP
540782,SBRANDS
540786,SHARIKA
540787,ICICIB22
540788,ASPIRA
540789,DNAMEDIA
540790,EASTERNGAS
540791,HHOF1140DG
540792,HHOF1140DD
540793,HHOF1140RG
540794,HHOF1140RD
540795,DYCL
540796,RATNABHUMI
540797,SHALBY
540798,FSC
540809,MRCAGRO
540811,DML
540812,KMSL
540821,SADHNA
540823,VITESSE
540824,ASTRON
540829,CHANDRIMA
540843,RITHWIKFMS
540850,JFL
540861,IPRU3018
540862,IPRU3019
540863,IPRU9220
540864,IPRU9221
540874,7SEASL
540879,APOLLO
540900,NEWGEN
540901,PRAXIS
540902,AMBER
540903,CRPRISK
540904,TIRUFOAM
540914,SRUSTEELS
540923,ASHOKAMET
540935,GALAXYSURF
540936,GGL
540937,MEDICO
540938,GUJHYSPIN
540947,IPRU3034
540949,IPRU3035
540950,IPRU9236
540951,IPRU9237
540952,LAL
540953,KENVI
540954,IWP
540955,TDSL
540956,BHATIA
540961,SHIVAMILLS
540975,ASTERDM
540980,YSL
540981,KTINDF4RG
540982,KTINDF4RD
540983,KTINDF4DG
540984,KTINDF4DD
541005,KANCOTEA
541006,ANGEL
541019,HGINFRA
541068,AXISCBD1D
541069,AXISCBDGG
541070,AXISCBDPD
541071,AXISCBGPG
541083,INFLAME
541084,DACE2RG
541085,DACE2RDP
541086,DACE2DG
541087,DACE2DDP
541092,ABSLRIF6RG
541093,ABSLRIF6RD
541094,ABSLRIF6DG
541095,ABSLRIF6DD
541096,BPLPHARMA
541112,SHREESHAY
541133,ACFL
541143,BDL
541144,ACTIVE
541151,RIDINGS
541152,GOYALALUM
541153,BANDHANBNK
541154,HAL
541161,KBCGLOBAL
541163,SANDHAR
541167,YASHO
541178,BENARA
541179,ISEC
541195,MIDHANI
541196,LEX
541206,OBCL
541228,TRL
541233,LEMONTREE
541252,ABSLRIF7RG
541253,ABSLRIF7RD
541254,ABSLRIF7DG
541255,ABSLRIF7DD
541269,CHEMFAB
541276,HARDWYN
541299,DLCL
541301,ORIENTELEC
541302,DHRUV
541303,AKSHAR
541304,INDOUS
541309,IPRU3095
541310,IPRU3096
541311,IPRU9297
541312,IPRU9298
541313,BSE500IETF
541336,INDOSTAR
541337,MILEFUR
541338,UHZAVERI
541341,KTKIND5RG
541343,KTKIND5RD
541345,KTKIND5DG
541346,KTKIND5DD
541347,PARVATI
541352,MEGASTAR
541353,INNOVATORS
541358,UCIL
541400,ZIMLAB
541401,ARIHANTINS
541402,AFFORDABLE
541403,DOLLAR
541418,NGIL
541444,PALMJEWELS
541445,WAA
541450,ADANIGREEN
541503,UNICK
541540,SOLARA
541545,TALWGYM
541546,GAYAHWS
541556,RITES
541557,FINEORG
541578,VARROC
541601,RAJNISH
541627,HITECHWIND
541633,STRAEXPO
541634,RAWEDGE
541672,IPRU3143
541673,IPRU3144
541674,IPRU9345
541675,IPRU9346
541676,TVF1D
541677,TVF1DZ
541678,TVF1G
541679,TVF1GZ
541700,TCNSBRANDS
541701,SUPERSHAKT
541702,ASHNI
541703,RACONTEUR
541729,HDFCAMC
541735,VIVANTA
541741,FRATELLI
541742,TVF2D
541743,TVF2DZ
541744,TVF2G
541745,TVF2GZ
541770,CREDITACC
541771,AMINTAN
541778,DEEP
541799,SMEL
541804,IPRU3168
541805,IPRU3169
541806,IPRU9370
541807,IPRU9371
541809,NEXT50IETF
541865,ASRL
541879,KTKIND7RG
541881,KTKIND7RD
541882,KTKIND7DG
541884,KTKIND7DD
541890,SPACEINCUBA
541929,SGIL
541945,RANJEET
541956,IRCON
541967,SKYGOLD
541972,SETFSN50
541973,MACH
541974,MANORAMA
541983,INNOVATIVE
541984,NIOSAG
541985,NIOSAD
541986,NIOSADG
541987,NIOSADD
541988,AAVAS
542002,DCL
542011,GRSE
542012,AAL
542013,DOLFIN
542019,SHUBHAM
542020,AKI
542025,SUNRETAIL
542034,SMGOLD
542046,VIVIDM
542057,BCPL
542066,ATGL
542117,NETRIPPLES
542123,PHOSPHATE
542131,NIFTYETF
542141,TECHNOE
542145,RONI
542146,SKIFL
542155,DGL
542156,IPRU3218
542158,IPRU3219
542160,IPRU9420
542163,IPRU9421
542176,ARYAN
542206,NIVAKA
542216,DALBHARAT
542230,ABSLNN50ET
542231,NILASPACES
542232,SRD
542233,TREJHARA
542244,AXISCCDID
542245,AXISCCDGG
542246,AXISCCDPD
542247,AXISCCGPG
542248,DECCAN
542285,AXITA
542323,KPIGREEN
542332,HIKLASS
542333,RPSGVENT
542337,SPENCERS
542351,GLOSTERLTD
542367,XELPMOC
542376,SPACAPS
542377,AARSHYAM
542383,RITCO
542399,CHALET
542437,ANMOL
542446,JONJUA
542459,KRANTI
542460,ANUP
542477,GLEAM
542484,ARVINDFASN
542503,MAHIP
542513,UTISXN50
542524,AIHL
542544,JYOTIN
542579,AGOL
542580,AARTECH
542592,HBEL
542597,MSTCLTD
542599,ROOPSHRI
542627,CHANDNIMACH
542628,NSL
542641,CKFSL
542649,RVNL
542650,METROPOLIS
542651,KPITTECH
542652,POLYCAB
542654,VRFILMS
542655,VIKASLIFE
542665,NEOGEN
542666,GKP
542667,WORL
542668,EVANS
542669,BMW
542670,AEPL
542677,MAHESH
542678,CHCL
542679,DEL
542682,HARISH
542684,PPL
542685,DGCONTENT
542694,PARSHVA
542721,ARL
542724,MURAE
542725,SBC
542726,INDIAMART
542727,CPML
542728,SKIEL
542729,DCMNVL
542730,BANKIETF
542747,SNXT50BEES
542752,AFFLE
542753,SEACOAST
542758,PVTBANIETF
542759,SPANDANA
542760,SWSOLAR
542770,ALPHALOGIC
542771,NOVATEOR
542772,360ONE
542773,IIFLSEC
542774,MUFIN
542801,MISQUITA
542802,GALACTICO
542803,VEL
542804,NIESSPJ
542805,NIESSPI
542806,NIESSPB
542807,NIESSPO
542808,NIESSPC
542809,NIESSPP
542810,NIESSPA
542811,NIESSPG
542812,FLUOROCHEM
542813,NIEHSPA
542814,NIEHSPB
542815,NIEHSPC
542816,NIEHSPF
542817,NIEHSPI
542818,NIEHSPK
542819,NIEHSPM
542820,NIEHSPN
542830,IRCTC
542836,NIESSPD
542837,NIESSPE
542838,NIESSPF
542839,NIEHSPD
542840,NIESSPH
542841,NIEHSPE
542842,NIESSPK
542843,NIEHSPG
542844,NIEHSPH
542845,NIEHSPJ
542846,NIEHSPL
542847,NIESSPL
542848,NIESSPM
542849,NIESSPN
542850,GOBLIN
542851,GENSOL
542852,VISHWARAJ
542857,GREENPANEL
542862,SHAHLON
542863,ABSLBANETF
542864,MOUNT
542865,ANUROOP
542866,COLABCLOUD
542867,CSBBANK
542904,UJJIVANSFB
542905,HINDWAREAP
542906,EASUN
542907,PRINCEPIPE
542911,ASSAMENT
542918,GIANLIFE
542919,ARTEMISMED
542920,SUMICHEM
542921,MIDCAPIETF
542922,NEXT50
542924,JANUSCORP
542931,VARDHANCFL
542933,UNIVPHOTO
542934,CBPL
542935,ICLORGANIC
542938,OCTAVIUSPL
543064,SUVENPHAR
543065,SMAUTO
543066,SBICARD
543144,08MPD
543145,08ADR
543146,08MPR
543147,08AMD
543148,08AMR
543149,08BPB
543150,08GPG
543151,08ABB
543152,08QPD
543153,08AGG
543154,08QPR
543155,08AQD
543156,08DPD
543168,08AQR
543169,08DPR
543170,08ADD
543171,ROJL
543172,COSPOWER
543173,11DPR
543174,11GPG
543175,11MPD
543176,11MPR
543177,11QPD
543178,11QPR
543179,11ADD
543180,11ADR
543181,11AGG
543182,11AMD
543183,11AMR
543184,11AQD
543185,11AQR
543186,11DPD
543187,POWERINDIA
543193,DJML
543207,NATURAL
543208,REGIS
543209,BILLWIN
543210,AARTISURF
543211,BONLON
543212,BOROLTD
543213,ROSSARI
543214,NDRAUTO
543218,SBGLP
543219,ALPL30IETF
543220,MAXHEALTH
543221,ITIETF
543223,MAXIND
543224,HDFCNIFBAN
543226,UTIBANKETF
543227,HAPPSTMNDS
543228,ROUTE
543229,SAMRATFORG
543230,ADVAIT
543231,ADL
543232,CAMS
543233,CHEMCON
543234,SECMARK
543235,ANGELONE
543236,ATAM
543237,MAZDOCK
543238,UTIAMC
543239,GMPL
543240,LIKHITHA
543241,VGIL
543242,HEMIPROP
543243,EQUITASBNK
543244,SHINEFASH
543245,GLAND
543246,ESG
543248,RBA
543249,TARC
543251,RVHL
543252,FAIRCHEMOR
543253,BECTORFOOD
543254,AWHCL
543255,INFRABEES
543256,RFLL
543257,IRFC
543258,INDIGOPNTS
543259,HOMEFIRST
543260,STOVEKRAFT
543262,MRP
543263,SMCGLOBAL
543264,NURECA
543265,RAILTEL
543266,HERANBA
543267,DAVANGERE
543268,DRCSYSTEMS
543270,MTARTECH
543271,JUBLINGREA
543272,EASEMYTRIP
543273,KMEW
543274,SUUMAYA
543275,ANURAS
543276,CRAFTSMAN
543277,LXCHEM
543278,KALYANKJIL
543279,SURYODAY
543280,NAZARA
543281,SUVIDHAA
543283,BARBEQUE
543284,EKI
543285,RCAN
543286,JETMALL
543287,LODHA
543288,DEEPINDS
543291,MAFANG
543292,HEALTHIETF
543297,IWEL
543298,VINEETLAB
543299,SHYAMMETL
543300,SONACOMS
543305,NAVODAYENT
543306,DODLA
543308,KIMS
543309,ADESHWAR
543310,TIMESGREEN
543311,IPL
543312,FOCUS
543317,GRINFRA
543318,CLEAN
543319,AAPLUSTRAD
543320,ZOMATO
543321,TATVA
543322,GLS
543323,BFSI
543324,GCSL
543325,ROLEXRINGS
543326,FMCGIETF
543327,EXXARO
543328,KRSNAA
543329,WINDLAS
543330,DEVYANI
543331,MOL
543332,EPIGRAL
543333,CARTRADE
543334,NUVOCO
543335,APTUS
543336,CHEMPLASTS
543341,SHARPLINE
543346,AASHKA
543347,AXISTECETF
543348,AXISHCETF
543349,AMIORG
543350,VIJAYA
543352,POBS
543357,AXISCETF
543358,SANSERA
543363,PREVEST
543364,MARKOLINES
543365,MASPTOP50
543366,SBLI
543367,PARAS
543372,GETALONG
543373,SVRL
543374,ABSLAMC
543375,PROMAX
543376,SAMOR
543377,ADISHAKTI
543383,CONSUMIETF
543384,NYKAA
543386,FINOPB
543387,SJS
543388,EQUAL50ADD
543389,SIGACHI
543390,POLICYBZR
543391,SGFRL
543396,PAYTM
543397,SAPPHIRE
543398,LATENTVIEW
543399,TARSONS
543400,OMNIPOTENT
543401,GOCOLORS
543410,DMR
543411,HITECH
543412,STARHEALTH
543413,TEGA
543414,MAHKTECH
543415,ANANDRATHI
543416,ZODIAC
543417,RATEGAIN
543419,SHRIRAMPPS
543420,JETFREIGHT
543425,MAPMYINDIA
543426,METROBRAND
543427,MEDPLUS
543428,DATAPATTNS
543433,HPAL
543434,SUPRIYA
543435,CLARA
543437,MONQ50
543438,MIDQ50ADD
543439,BRANDBUCKT
543440,NIFTY50ADD
543441,CMSINFO
543442,BCONCEPTS
543444,FABINO
543449,WEL
543450,AUTOIETF
543451,AGSTRA
543453,ALKOSIGN
543454,MAKEINDIA
543458,AWL
543460,QRIL
543461,SSTL
543462,DEVIT
543463,MANYAVAR
543464,SPITZE
543465,MOMOMENTUM
543470,SOFTTECH
543472,TECH
543473,HEALTHY
543474,BSLNIFTY
543475,EKENNIS
543481,MIDCAPETF
543482,EUREKAFORB
543489,GATEWAY
543490,GMRP&UI
543497,BCCL
543498,MSUMI
543499,ACHYUT
543500,EVOQ
543501,MOLOWVOL
543512,AVROIND
543513,UMAEXPORTS
543514,VERANDA
543515,SEML
543516,DHYAANITR
543517,HARIOMPIPE
543518,EIGHTY
543519,SFSL
543520,GLHRL
543521,FONE4
543522,NVENTURES
543523,CAMPUS
543524,RAINBOW
543525,SILVERTUC
543526,LICI
543527,PRUDENT
543528,VENUSPIPES
543529,DELHIVERY
543530,PARADEEP
543531,TIERRA
543532,ETHOSLTD
543533,EMUDHRA
543534,AETHER
543535,WEWIN
543536,SILVERPRL
543537,SCARNOSE
543538,GOEL
543539,MODIS
543540,PGCRL
543541,SAILANI
543542,KESAR
543543,BRRL
543544,JAYANT
543545,VEERKRUPA
543546,HEALTHYLIFE
543547,DDEVPLASTIK
543563,MOHEALTH
543568,MOM30IETF
543569,HDFCNIF100
543570,HDFCNEXT50
543571,INFRAIETF
543573,SYRMA
543574,NIFTYQLITY
543575,MOMENTUM
543576,MOVALUE
543577,MOQUALITY
543578,OLATECH
543579,NATURO
543590,RHETAN
543591,DREAMFOLKS
543593,DBOL
543594,DPL
543595,EPBIO
543596,TMB
543597,VOEPL
543598,SISL
543599,KSOLVES
543600,HARSHA
543605,HDFCQUAL
543606,CONTAINE
543607,HDFCGROWTH
543608,HDFCVALUE
543613,MAFIA
543614,TIPSFILMS
543615,SRSOLTD
543616,TLL
543617,REETECH
543618,CARGOTRANS
543619,CNCRD
543620,INA
543621,CARGOSOL
543622,STML
543623,VEDANTASSET
543624,MAAGHADV
543625,SECURCRED
543626,EMIL
543627,HDFCLOWVOL
543628,HDFCMOMENT
543635,PPLPHARMA
543636,DCI
543637,PACE
543638,TRACXN
543643,NARMADA
543644,INFOBEAN
543645,HPIL
543650,DCXINDIA
543651,DAPS
543652,FUSION
543653,BIKAJI
543654,MEDANTA
543656,TECHNOPACK
543657,ACI
543663,FIVESTAR
543664,KAYNES
543665,HDFCNIFIT
543666,HDFCPVTBAN
543667,INOXGREEN
543668,BBTCL
543669,RUSTOMJEE
543670,VINNY
543671,AAATECH
543677,FINIETF
543678,AMBOAGRI
543686,SIRCA
543687,DHARMAJ
543688,SARVESHWAR
543689,UNIPARTS
543709,GARGI
543710,COMMOIETF
543711,SULA
543712,AHL
543713,DRONACHRYA
543714,LANDMARK
543715,IEL
543720,KFINTECH
543725,ELIN
543732,RADIANTCMS
543737,AVEER
543738,BANKETFADD
543743,SAH
543744,REXSEAL
543745,SVS
543746,LOGICA
543747,KAMOPAINTS
543748,AARTIPHARM
543753,DHARNI
543754,TRANSVOY
543765,EARTH
543766,ASHIKA
543767,BTML
543768,NSLNISP
543769,INDONG
543774,HDFCBSE500
543775,HDFCSML250
543776,HDFCMID150
543782,SEALMATIC
543787,ROBU
543798,PATRON
543799,SVJ
543804,AMANAYA
543805,RESGEN
543806,ITCONS
543811,AIRAN
543812,DIVGIITTS
543814,PCL
543819,PSUBNKIETF
543828,SUDARSHAN
543829,GSLSU
543830,LABELKRAFT
543831,BRIGHT
543843,COMMAND
543848,DEVLAB
543853,AXSENSEX
543858,LOWVOL
543860,JAFINANCE
543861,USK
543874,MAIDEN
543895,EXHICON
543896,AVALON
543897,SANCODE
543898,BLAL
543901,RHL
543902,RETINA
543904,MANKIND
543905,INNOKAIZ
543910,AVG
543911,ATALREAL
543912,PIGL
543914,SWATIPRO
543915,PAVNAIND
543916,HSIL
543917,SIGMA
543918,GHCLTEXTIL
543919,MKPL
543920,CFF
543921,COMRADE
543923,IKIO
543924,SONALIS
543926,BIZOTIC
543927,ASIAN
543928,COSMICCRF
543929,HMAAGRO
543930,URAVI
543931,VEEFIN
543932,IDEAFORGE
543933,CYIENTDLM
543934,MACIND
543935,ITETFADD
543936,SENCO
543937,ALPHAIND
543938,ACCELERATE
543939,KAKA
543940,JIOFIN
543941,AHASOLAR
543942,UTKARSHBNK
543943,ASARFI
543944,BANKETF
543945,NETWEB
543947,SENSEXADD
543948,PSUBANKADD
543949,PVTBANKADD
543950,YATHARTH
543951,INNOVATUS
543952,NIITMTS
543953,KHAZANCHI
543954,ATL
543955,TREL
543956,QUAL30IETF
543957,REDTAPE
543958,VLEGOV
543959,SBFC
543960,CONCORDBIO
543962,DPWIRES
543963,SHELTER
543965,TVSSCS
543969,PYRAMID
543970,SHOORA
543971,BONDADA
543972,AEROFLEX
543974,VPRPL
543975,NIFMID150
543976,SHRAAITECH
543977,RISHABH
543978,RATNAVEER
543979,KAHAN
543980,JLHL
543981,RRKABEL
543982,MESON
543983,EMSLIMITED
543984,SAMHI
543985,ZAGGLE
543986,SOUTHWEST
543987,NAVINIFTY
543988,NUVAMA
543989,KALAMANDIR
543990,SIGNATURE
543991,TECHKGREEN
543992,YATRA
543993,ARCL
543994,JSWINFRA
543995,MVGJL
543996,UDS
543997,ORGANICREC
543998,VALIANTLAB
543999,SENSEXETF
544000,CCAL
544001,SUNITATOOL
544002,VIVAA
544003,PLAZACABLE
544004,IRMENERGY
544006,ITETF
544007,ALPHAETF
544008,MAXESTATES
544009,BLUEJET
544011,VPL
544012,CELLO
544013,KKSHL
544014,HONASA
544015,MISHDESIGN
544020,ESAFSFB
544021,PROTEAN
544022,ASKAUTOLTD
544023,KALYANI
544025,ARROWHEAD
544026,IREDA
544027,FEDFINA
544028,TATATECH
544029,GANDHAR
544030,FLAIR
544035,SPL
544036,DEEPAKCHEM
544037,AMIC
544042,BAJEL
544044,INDIASHLTR
544045,DOMS
544046,INOXINDIA
544047,SIYARAM
544052,BENCHMARK
544053,MOTISONS
544054,SURAJEST
544055,MUTHOOTMF
544056,SMARITIME
544057,HAPPYFORGE
544058,MUFTI
544059,SHANTIDENM
544060,RBZJEWEL
544061,AZAD
544066,SUNCLAY
544067,INNOVACAP
544072,AIKPIPES
544073,MCPL
544074,SBVCL
544079,DIGIDRIVE
544080,SHILINDORE
544081,JYOTICNC
544082,SWANAGRO
544083,SHREE
544088,MEDIASSIST
544090,SHPLPUNE
544091,QLL
544092,NIFTYBETF
544093,BANKBETF
544094,EUPHORIAIT
544095,EPACK
544100,NOVAAGRI
544101,BRISK
544102,NIFITETF
544105,HARSHDEEP
544106,MCFL
544107,BLSE
544108,GPSL
544109,HEALTHADD
544110,HDFCPSUBK
544111,PARKHOTELS
544112,JGTL
544117,SIGNPOST
544118,JSFB
544119,RPTECH
544120,CAPITALSFB
544121,RUDRAGAS
544122,ENTERO
544123,LICNMID100
544124,VSTL
544129,JUNIPER
544130,SMALLCAP
544131,GPTHEALTH
544133,EXICOM
544134,PLATIND
544135,MUKKA
544136,RKSWAMY
544138,JGCHEM
544139,KOURA
544140,GOPAL
544141,PESB
544142,SCILAL
544143,ROYAL
544144,PVSL
544149,KRYSTAL
544150,KPGEL
544151,CHATHA
544156,GCONNECT
544157,VRUDDHI
544158,SRM
544160,JAYKAILASH
544161,DPABHUSHAN
544162,BHARTIHEXA
544163,GVL
544164,FAALCON
544165,SHIVAM
544166,EMMFORCE
544167,JNKINDIA
544168,VARYAA
544169,AMKAY
544170,SAI
544171,STAL
544172,INDGN
544173,FTL
544174,TBOTEK
544175,TGIF
544176,AADHARHFC
544177,AZTEC
544178,PIOTEX
544179,GODIGIT
544180,MIDSMALL
544181,AWFIS
544183,ASSOCIATED
544184,BOROSCI
544185,ADTECH
544186,TOTEM
544187,KRONOX
544188,MAGENTA
544189,SATTRIX
544190,3CIT
544191,PURPLEFIN
544192,IXIGO
544193,MID150CASE
544194,TOP100CASE
544195,COTFAB
544196,BBNPNBETF
544197,RETAIL
544198,DEEDEV
544199,GEMENVIRO
544200,AFIL
544201,DFPL
544202,STANLEY
544203,ABDL
544204,VRAJ
544205,NPL
544207,RELIABLE
544209,BANSALWIRE
544210,EMCURE
544212,EVINDIA
544213,ACLD
544214,THREEMPAPE
544215,SBINEQWETF
544216,OILIETF
544217,SANSTAR
544218,ABSLPSE
544219,VVIPIL
544220,CTLLAB
544221,KIZI
544222,AKUMS
544223,CEIGALL
544224,AFCOM
544225,OLAELEC
544226,FIRSTCRY
544227,UNIECOM
544229,METALIETF
544230,SSDL
544231,BROACH
544232,INTERARCH
544233,MFML
544234,GLOBALE
544235,ORIENTTECH
544236,RAL
544237,RAPID
544238,PREMIERENE
544239,ECOSMOBLTY
544240,RAYMONDLSL
544241,MULTICAP
544242,TRAVELS
544243,STYLEBAAZA
544244,GALAPREC
544245,NHL
544246,REVATHIEQU
544247,TOP10ADD
544248,MCEL
544249,BALAJEE
544250,SANOFICONR
555555,SENSEXIETF
570001,TATAMTRDVR
570002,FELDVR
570004,JISLDVREQS
570005,GATECHDVR
590003,KARURVYSYA
590005,TIDEWATER
590006,AMRUTANJAN
590013,XPROINDIA
590018,HISARMETAL
590021,BHARATRAS
590022,EASTSILK
590024,FACT
590025,GINNIFILA
590028,NICCO
590030,SPIC
590031,DENORA
590038,VISUINTL
590041,KAVVERITEL
590051,SAKSOFT
590056,SALONA
590057,EQUIPPP
590062,ANDHRSUGAR
590063,DUNCANSLTD
590065,IMPAL
590066,KCP
590068,KHAITANLTD
590070,RADAAN
590071,SUNDARMFIN
590072,SUNDRMBRAK
590073,WHEELS
590075,LAMBODHARA
590078,MAITHANALL
590086,ORISSAMINE
590103,NIFTYBEES
590104,JUNIORBEES
590106,BANKBEES
590107,PSUBANK
590108,PSUBNKBEES
590109,SHARIABEES
590110,QNIFTY
590115,MOM50
590134,MADRASFERT
590136,BANKNIFTY1
590137,SETFNIFBK
590138,SETFNIF50
700004,PRESYNT
710012,$SHENTCH
750575,JMCPROJEQLR
750576,BNRATHILR
750577,SPARCLR
750578,THEINVESTR
750579,POLSONLR
750581,CRESTLR
750582,KARNATAKALR
750583,CNOVAPETRLR
750585,IPRINGLTDLR
750586,CANBKLR
750587,SOUTHBANKLR
750588,ARCHITORGLR
750590,KINGFALR
750592,VSSLLR
750593,ZENOTECHLR
750594,INTELLECTLR
750595,DENISLR
750596,BRPLLR
750597,INDHOTELR
750598,KARURVYSYLR
750599,HIRECTLR
750600,HCL-INSYSLR
750601,JOSTSLR
750602,VIPCLOTHLR
750605,KANPRPLALR
750606,PELLR
750607,TATASTFPLR
750608,TATASTPPLR
750609,IBVENTURELR
750610,SCANPGEOMLR
750611,ELPROINTLLR
750612,SHALPAINTLR
750613,HATSUNLR
750614,MAXVILLR
750615,SHALIMALR
750616,HCCLR
750618,LGBFORGLR
750619,KREBSBIOLR
750620,IDEALR
750621,BHARATGRLR
750622,AIRTELLR
750623,SCANPOINTLR
750624,TATASTLLPR
750625,RELCHEMQLR
750626,ISHANCHLR
750627,5PAISALR
750628,PACIFICILR
750629,PATELENGLR
750630,SKCILLR
750631,PELTDLR
750633,BROOKSLABLR
750634,RELIANCELR
750635,ARVINDF-RE
750636,ABFRL-RE
750637,SFL-RE
750638,PVRINOX-RE
750639,REFEX-RE
750640,M&MFIN-RE
750641,GDL-RE
750642,SPENCER-RE
750643,SATIN-RE
750644,UNOMINDA-RE
750645,RUSHIL-RE
750646,DEEPAK-RE
750647,EIH-RE
750648,MOLDTEK-RE
750649,SHOPER-RE
750650,PRICOL-RE
750651,URJA-RE
750652,LTF-RE
750654,AIIL-RE
750655,AFL-RE
750656,RAJAPLM-RE
750657,WEPSOLN-RE
750658,EMERALD-RE
750659,IGRID-RE
750660,KDDL-RE
750661,VLIFE-RE
750662,VECO-RE
750663,APLAB-RE
750664,MEGA-RE
750665,SCANPGEO-RE
750666,TEXELIN-RE
750667,PRAXIS-RE
750668,BASML-RE
750669,ASIAN-RE
750670,KIL-RE
750671,RPP-RE
750672,ARUNA-RE
750673,AIRTEL-RE
750674,TRAIL-RE
750675,PATINT-RE1
750676,VLIFE-RE1
750677,NDLVEN-RE
750678,ASIAT-RE
750679,ANUROOP-RE
750680,BGEAR-RE
750681,IHCL-RE
750682,SWISSMIL-RE
750683,URSUGAR-RE
750684,NATCAPS-RE
750685,VECO-RE1
750686,RIDHISYN-RE
750687,VISVENL-RE
750688,SHIVAM-RE
750689,BNRSEC-RE
750691,SDBL-RE
750693,VEERGIL-RE
750694,VASUPR-RE
750696,WARDWIZ-RE
750697,DATAINF-RE
750698,TILAK-RE
750699,PRISMX-RE
750700,WOCKH-RE
750701,ADVIKCA-RE
750702,RAINBOWF-RE
750703,ASMTEC-RE
750704,SPVGLOB-RE
750705,HPBL-RE
750706,MAKERSL-RE
750707,NGIL-RE
750708,BCIL-RE
750709,ASIAN-RE1
750710,AURUM-RE
750711,TCM-RE
750712,NCLRESE-RE
750713,ESSEN-RE
750714,DYNPRO-RE
750715,DAVAN-RE
750716,SATSILK-RE
750717,KALLAM-RE
750718,SABOOSOD-RE
750719,BANASFN-RE
750720,MAHACOP-RE
750721,PTCIN-RE
750722,GENNEX-RE
750723,SANDUMA-RE
750724,SWISSM-RE
750725,MERCURY-RE
750726,ASRL-RE
750727,KCLINF-RE
750728,GGENG-RE
750729,7NR-RE
750730,MIIL-RE
750731,COAST-RE
750732,SUDTIND-RE
750733,GGL-RE
750734,SUZLON-RE
750735,SUVEN-RE
750736,HILTON-RE
750737,TFL-RE
750738,COMP-RE
750739,ESSEN-RE1
750740,SAMOR-RE
750741,RUNGTA-RE
750742,RONI-RE
750743,SMCREDT-RE
750744,ADCON-RE
750745,HATSUN-RE
750746,RSWM-RE
750748,APCL-RE
750749,SHAH-RE
750750,QUINT-RE
750751,VISAGAR-RE
750752,RAJAPAL-RE
750753,VEL-RE
750754,PACIFIC-RE
750755,JETFRE-RE
750756,FAMILY-RE
750757,AARTI-RE
750758,MARKO-RE
750759,INDO-RE
750760,HERIT-RE
750761,HAZOOR-RE
750762,SGRL-RE
750763,SPRAY-RE
750764,PATEL-RE
750765,EDVEN-RE
750766,SHUKRA-RE
750767,ROML-RE
750768,PARVATI-RE
750769,VEERGL-RE
750770,CGCL-RE
750771,AMAL-RE
750772,SHARE-RE
750773,SPARC-RE
750774,GOKUL-RE
750775,AFEL-RE
750776,SEPC-RE
750777,PNB-RE
750778,MKVEN-RE
750779,SDBL-RE1
750780,TPHQ-RE
750781,PRERNA-RE
750782,RUSHI-RE1
750783,MURAE -RE
750784,SAMOR-RE1
750785,ENBEE-RE
750786,CLARA-RE
750787,SIPTL-RE
750788,KCD-RE
750789,PRAXIS-RE1
750790,BGJL-RE
750791,SHRERA-RE
750792,NECLTD-RE
750793,UCWL-RE
750794,CRESSAN-RE
750795,ALAN-RE
750796,VINCOFE -RE
750797,SPPL-RE
750798,BPPL-RE
750799,EIKO-RE
750800,GGENGL-RE
750801,SEACO-RE
750802,CGFL-RE
750803,BROOKS-RE
750804,PLPHAR-RE
750805,GREEN-RE
750806,GRETEX-RE
750807,ADVIK-RE
750808,NGIL-RE1
750809,BHANDA-RE
750810,SYSCHEM-RE
750811,GSTL-RE
750812,AERPACE-RE
750813,SEPC-RE1
750814,ASITC-RE
750815,LLOYDS-RE
750816,LATIM-RE
750817,INDREN-RE
750818,GRASIM-RE
750819,GENPHAR-RE
750820,SIPTL-RE1
750821,SAPPL-RE
750822,SKIPPER-RE
750823,AMPVOLTSRE
750824,YARNSYN-RE
750825,INDINFO-RE
750826,ADRO-RE
750827,SCL-RE
750828,MAGNUM-RE
750829,MANGIND-RE
750830,NAGREE-RE
750831,AFFORD-RE
750832,DPL-RE
750833,MITSU-RE
750834,SCANPG-RE1
750835,SOUTH-RE
750836,MERCTRD-RE
750837,VALENC-RE
750838,ABVL-RE
750839,HCC-RE
750840,TIERRA-RE
750841,SAWACA-RE
750842,BALKRI-RE
750843,MISHTAN-RE
750844,SPECFD-RE
750845,JYOTI-RE
750846,MARKOB-RE
750847,SHIVA-RE
750848,ATRADE-RE
750849,IYKOT-RE
750850,SAKUMA-RE
750851,TIL-RE
750852,SCANPG-RE2
750853,IIFL-RE
750854,VMS-RE
750855,SAVFI-RE
750856,SOBME-RE
750857,YUG-RE
750858,ASHNOOR-RE
750859,AGOL-RE
750860,BILLWIN-RE
750861,BANASF-RE1
750862,KHOOBSU-RE
750863,FRANKIN-RE
750864,IFL-RE
750865,VIJIFI-RE
750866,SOLARA-RE
750867,KEEPLN-RE
750868,VSFPROJ-RE
750869,ESSEN-RE2
750870,NGIL-RE2
750871,GUJTLRM-RE
750872,SPRIGHT-RE
750873,SOBHA-RE
750874,SRESTHA-RE
750875,SEPC-RE2
750876,BHANDA-RE1
750877,INVENT-RE
750878,SURJIND-RE
750879,LESHIND-RE
750880,SHINDL-RE
750881,INDO-RE1
750882,GATECH-RE
750883,GACMDVR-RE
750884,SHRIND-RE
750885,TATACON-RE
750886,LUHARUK-RE
750887,VISVEN-RE
750888,SWISSM-RE1
750889,AFEL-RE1
750890,JAYKAY-RE
750891,GREEN-RE1
750892,VINNY-RE
750893,ATAL-RE
750894,DHATRA-RE
750895,MODERN-RE
750896,AKSH-RE
750897,SRUST-RE
750898,VARDM-RE
750899,DUCON-RE
780001,JDL
780004,AUTUMN
780006,DEKSON
780008,SUPERNOVA
780009,MCL
780012,GOKULSOL
780013,CITYON
780014,HASJUICE
780015,SANASATECH
780016,WEBSL
780018,ADHIRAJ
780019,JIGYASA
890047,POPEESPP
890144,TATASTEELPP
890145,DHANIPP
890146,HATSUNPP
890147,RELIANCEPP
890148,ABFRLPP
890150,RUSHILPP
890151,MOLDTEKPP
890152,URJAPP
890153,AFLPP
890156,KILPP
890157,AIRTELPP
890158,RPPINFRPP
890159,PATINTPP
890160,VLIFEPP
890162,VECOPP
890164,WARDWIZPP
890168,AURUMPP
890169,DYNPROPP
890177,TFLPP
890190,GRASIMPP
890191,LATIMPP
890192,SCLPP
890193,SKIPPERPP
890194,AMPVOLTSPP
890195,SAPPLPP
890196,ADROITPP
890197,YARNPP
890198,MITSUPP
890199,SPECTPP
890200,IYKOTPP
890201,SAVFIPP
890202,SOLARAPP
890203,VSFPROJPP
890204,NGILPP
890205,SOBHAPP
890206,SURAJPP
890207,SHARATPP